Price,Close,High,Low,Open,Volume
Ticker,DIAMONDYD.NS,DIAMONDYD.NS,DIAMONDYD.NS,DIAMONDYD.NS,DIAMONDYD.NS
Date,,,,,
2017-10-05,1169.646240234375,1306.5086916830066,1123.1337466834545,1258.1634645159656,9144860
2017-10-06,1265.643310546875,1281.8409047209177,1131.4556290002224,1180.8905862871918,2437707
2017-10-09,1264.9495849609375,1295.8092875160553,1214.9698332153357,1277.977049614458,971464
2017-10-10,1275.1038818359375,1284.6639656084362,1241.5198141297549,1261.1353215496738,415379
2017-10-11,1249.5938720703125,1285.9023089082054,1238.34968115197,1273.0234722242249,229092
2017-10-12,1234.7337646484375,1262.0765033871362,1224.8269664871268,1258.0643226913621,112399
2017-10-13,1205.3602294921875,1255.0924348279796,1193.8189049864218,1234.3871999836263,105570
2017-10-16,1190.6485595703125,1263.116815151609,1183.8624267499395,1250.2379770363377,108825
2017-10-17,1180.8902587890625,1215.5640499447816,1174.946180305225,1201.694533482494,76864
2017-10-18,1171.8255615234375,1185.7941223295306,1167.0207887444121,1170.091871896695,41419
2017-10-19,1156.668212890625,1178.9089253359011,1149.188532260206,1178.9089253359011,8683
2017-10-23,1154.5877685546875,1163.4544256622773,1144.235212623042,1154.1420110007305,43712
2017-10-24,1159.2935791015625,1181.8811293601125,1150.179372327821,1154.2411357610622,36133
2017-10-25,1158.7982177734375,1173.9060860804682,1129.5731610483617,1154.2411144706243,41207
2017-10-26,1158.4019775390625,1173.9556025500199,1155.1326857158845,1161.1758085129559,38644
2017-10-27,1165.138671875,1173.4604076905648,1145.5232813089672,1145.5232813089672,19352
2017-10-30,1167.3182373046875,1173.9557446185154,1154.142145553224,1154.142145553224,142163
2017-10-31,1161.3739013671875,1173.8564418379478,1147.3061765748319,1169.0020869513787,88484
2017-11-01,1160.977783203125,1167.0704886917638,1156.1234275726404,1166.030226437873,16914
2017-11-02,1161.2254638671875,1169.0022768614824,1147.702659105108,1162.959153684567,12944
2017-11-03,1162.6619873046875,1166.178949567298,1157.114203665417,1159.0955636032004,10289
2017-11-06,1156.2225341796875,1169.0023295965445,1149.1887307898235,1159.095530193184,16192
2017-11-07,1148.7923583984375,1171.3799079123346,1132.6938104362043,1171.3799079123346,20573
2017-11-08,1146.5633544921875,1165.0395587559174,1141.8576249819064,1165.0395587559174,29636
2017-11-09,1163.1077880859375,1185.8438434788432,1137.25094588054,1140.322150324857,75608
2017-11-10,1159.88818359375,1169.002391151717,1154.1421912641952,1157.1142312416994,45264
2017-11-13,1165.2872314453125,1171.0332232337703,1154.1916649472066,1160.086161974462,7918
2017-11-14,1172.3704833984375,1178.8099020099614,1157.1139905015393,1164.0487490062574,8607
2017-11-15,1167.71435546875,1181.8315441128034,1157.4608426401167,1169.0022877180918,40864
2017-11-16,1169.15087890625,1173.9556521144598,1161.1263961036336,1161.1263961036336,5952
2017-11-17,1167.71435546875,1174.946367147167,1124.421692000029,1174.946367147167,22962
2017-11-20,1177.1256103515625,1212.591993165213,1163.5037640231135,1169.0020849141758,8511
2017-11-21,1169.5472412109375,1183.8625178444652,1164.1479630260565,1178.909118188212,4040
2017-11-22,1166.8228759765625,1175.1444906856198,1157.6590865765518,1172.3210770570033,20130
2017-11-23,1155.0335693359375,1170.98348946446,1139.182692998009,1169.002129922219,5903
2017-11-24,1161.770263671875,1167.7143430376714,1155.7767228709263,1158.4020487773405,4926
2017-11-27,1158.20361328125,1178.7107556342999,1155.1821127552823,1178.7107556342999,5984
2017-11-28,1186.685791015625,1193.7691758722572,1159.0953823821917,1159.0953823821917,13720
2017-11-29,1275.698486328125,1314.4341679983515,1177.0267903498284,1183.8625059935512,155530
2017-11-30,1245.0865478515625,1342.3712657490414,1218.387651962157,1248.2566751614702,60184
2017-12-01,1217.05029296875,1286.5465141855996,1195.4039607032023,1268.0703093203092,36340
2017-12-04,1235.7740478515625,1260.0951651917774,1228.938332817449,1230.424352566926,12749
2017-12-05,1222.20166015625,1242.2629267508178,1203.6759956740584,1238.349789788126,17030
2017-12-06,1212.790283203125,1231.2170260587634,1196.790899590644,1208.6294760030416,8971
2017-12-07,1229.7803955078125,1253.1109541187388,1208.7284489025,1218.5362035074945,8778
2017-12-08,1217.7933349609375,1255.1915032707,1206.1528454870381,1255.1915032707,6831
2017-12-11,1238.0526123046875,1287.8838592310537,1221.557888853696,1254.2007429127032,5352
2017-12-12,1227.9974365234375,1248.1577502408797,1220.02241418838,1239.3406740963567,11485
2017-12-13,1269.01123046875,1293.8278076172944,1228.393359019815,1228.393359019815,68600
2017-12-14,1331.5726318359375,1401.8118505109542,1296.502544392821,1386.951654215785,288049
2017-12-15,1336.4271240234375,1367.138199519899,1319.1892703647102,1367.138199519899,50722
2017-12-18,1321.3193359375,1336.2785784596244,1278.0266720477732,1336.2785784596244,12831
2017-12-19,1302.1990966796875,1335.4364544342325,1294.818580078295,1331.8204487501716,17444
2017-12-20,1277.7789306640625,1322.0126896276229,1272.0329391081352,1312.5517695326014,9032
2017-12-21,1278.7200927734375,1301.1590169028743,1264.1075641130399,1277.9770828415528,14740
2017-12-22,1256.0831298828125,1289.865291913061,1240.4303383360152,1278.9678124882962,8724
2017-12-26,1240.7275390625,1281.593085204814,1237.3592031939459,1256.0830776129453,12092
2017-12-27,1284.961181640625,1313.0963889960192,1189.855928339913,1277.9768412283206,65293
2017-12-28,1250.28759765625,1278.0266344455451,1244.7892759196163,1249.2473354036101,14790
2017-12-29,1238.151611328125,1266.831741981774,1229.5326248641802,1262.8690229452718,9180
2018-01-01,1236.31884765625,1263.1167854780585,1226.758884025964,1263.1167854780585,4859
2018-01-02,1224.9757080078125,1247.1173797970087,1219.5269685059582,1247.1173797970087,3374
2018-01-03,1234.5357666015625,1242.2629971682993,1226.065405186232,1238.6965737580667,28316
2018-01-04,1217.74365234375,1233.4460250875218,1203.8741341123514,1233.3964427207975,14755
2018-01-05,1204.369384765625,1223.489553283086,1198.7225582773556,1220.6661400389514,13020
2018-01-08,1202.2891845703125,1241.3219994827905,1189.8562235356992,1241.3219994827905,23779
2018-01-09,1192.6795654296875,1225.421463829578,1189.856151878404,1225.421463829578,6902
2018-01-10,1192.4813232421875,1214.5239505732823,1188.8158560590464,1203.725636626828,6979
2018-01-11,1185.4473876953125,1201.4964725166792,1182.8716444817862,1197.830884810909,6431
2018-01-12,1173.75732421875,1193.0259954736725,1169.002013418255,1188.815606866022,5889
2018-01-15,1174.35205078125,1188.8159540354925,1159.0955551846052,1187.8252740737964,11917
2018-01-16,1157.70849609375,1181.6830220084232,1146.018545942969,1164.048871580796,6365
2018-01-17,1159.4918212890625,1200.3573686493494,1141.6595824409374,1153.300071689019,28469
2018-01-18,1146.0184326171875,1192.7784704615815,1141.2631212389883,1192.7784704615815,95902
2018-01-19,1149.1390380859375,1165.9311340219176,1130.5143295554246,1163.9001919661841,20611
2018-01-22,1144.4332275390625,1151.16989838111,1143.4425477642078,1149.2381211931793,5504
2018-01-23,1138.9844970703125,1155.9252180897442,1133.1395831021848,1155.9252180897442,6280
2018-01-24,1137.9444580078125,1163.0581685510792,1130.4647766087407,1163.0581685510792,7214
2018-01-25,1139.33154296875,1165.1882658879601,1134.3285607687335,1149.1887602547868,11607
2018-01-29,1143.2445068359375,1162.3646756439266,1140.2724673900902,1154.1915671678464,13208
2018-01-30,1139.0343017578125,1150.17945148147,1124.322728309107,1149.5850676827313,15690
2018-01-31,1138.0931396484375,1159.095505564251,1099.4070404272886,1142.2539469363944,27621
2018-02-01,1155.6279296875,1163.0580278209386,1134.3778973989,1154.1419100608123,7037
2018-02-02,1155.529052734375,1172.667742343775,1115.257890850263,1115.257890850263,11248
2018-02-05,1190.3018798828125,1218.5362565591838,1120.4589481044202,1137.5977584599605,18584
2018-02-06,1193.8682861328125,1206.1527406968614,1149.4363181877072,1149.4363181877072,75018
2018-02-07,1196.4935302734375,1235.6253824330738,1192.7288986546632,1217.0501361547656,70652
2018-02-08,1204.914306640625,1210.6602978531405,1175.986504856288,1182.871681092626,13482
2018-02-09,1192.92724609375,1200.25830166516,1177.9680035354313,1188.8159002521897,12534
2018-02-12,1216.109130859375,1227.3533232719503,1196.6422470982088,1198.72265065249,5424
2018-02-14,1225.2728271484375,1236.3683925547377,1215.6136990816037,1227.4522743391988,9794
2018-02-15,1212.492919921875,1236.3186943616197,1203.8244724689096,1226.065183560914,7492
2018-02-16,1209.8182373046875,1220.5672108928961,1195.7506311931045,1210.610829592356,16231
2018-02-19,1201.1002197265625,1213.5827610826077,1192.728902815049,1199.168321547324,4560
2018-02-20,1207.589111328125,1213.5827725779766,1189.8064570335916,1190.6485106892696,41867
2018-02-21,1206.64794921875,1216.505164470285,1189.9054370668819,1209.372318562224,1587
2018-02-22,1201.8433837890625,1212.5426544959582,1194.5619104747982,1197.6329940777234,5381
2018-02-23,1203.9732666015625,1243.3032081599576,1187.3793791619773,1200.5553485693724,19604
2018-02-26,1201.3974609375,1217.4465478046661,1192.2832542716558,1208.679054915737,27788
2018-02-27,1208.08447265625,1218.5361932559965,1198.7721789823222,1199.0693103723388,2198
2018-02-28,1221.8548583984375,1235.5262874660625,1188.8652949340888,1188.8652949340888,23664
2018-03-01,1209.52099609375,1273.0235473018201,1200.7039216574367,1208.5797777210137,5565
2018-03-05,1209.0750732421875,1238.25066493941,1195.3047212271854,1208.6293157200803,6280
2018-03-06,1207.9853515625,1219.5267950523155,1198.722519913324,1209.1742398442814,3228
2018-03-07,1203.428466796875,1209.0752941272613,1189.9056613205587,1208.9267888811544,7065
2018-03-08,1203.6759033203125,1236.3187529015197,1193.8186881229465,1233.396295994888,39390
2018-03-09,1224.33154296875,1236.3683260992625,1188.8652805328263,1198.7224956571374,14308
2018-03-12,1256.4793701171875,1264.9496107334598,1211.254808331029,1223.4896809540483,22650
2018-03-13,1262.2747802734375,1268.070233325161,1239.3405171013878,1239.3405171013878,6512
2018-03-14,1295.759765625,1312.6509067987365,1238.8452520391095,1260.1448705267871,37080
2018-03-15,1324.2418212890625,1337.3188689960357,1278.9677966138843,1287.8839160325713,16733
2018-03-16,1311.6602783203125,1332.46455765923,1302.7441586036337,1332.46455765923,6211
2018-03-19,1290.855712890625,1312.7002497281558,1275.8964728678957,1309.678628120803,7227
2018-03-20,1283.970703125,1309.678797563435,1275.5993856037057,1309.678797563435,9726
2018-03-21,1288.8248291015625,1296.7998498130216,1280.948973115536,1296.7998498130216,27906
2018-03-22,1288.4287109375,1296.7008633934881,1286.0014727762477,1292.242804125071,3379
2018-03-23,1287.3885498046875,1292.6886631644954,1270.0516512886566,1270.0516512886566,22276
2018-03-26,1289.617431640625,1297.7905400032407,1279.9583035757153,1286.3481399225413,28028
2018-03-27,1287.5865478515625,1314.4835298648868,1273.023602484122,1287.8838001784893,10454
2018-03-28,1289.7166748046875,1312.5518961329476,1271.0423818456213,1271.0423818456213,2747
2018-04-02,1310.1741943359375,1311.6602142160916,1279.0668206581884,1288.7755322482387,8348
2018-04-03,1315.4246826171875,1317.6041297971985,1288.8744156888386,1288.8744156888386,80203
2018-04-04,1307.8953857421875,1317.604095874297,1306.7066183896222,1307.6972981609563,1975
2018-04-05,1333.9007568359375,1337.417718468651,1310.471276514023,1327.5109205540684,5488
2018-04-06,1332.4149169921875,1342.1732110012558,1318.5949804090278,1335.287912961719,52346
2018-04-09,1298.7315673828125,1341.3803789110316,1297.8400523556027,1341.3803789110316,4530
2018-04-10,1364.760498046875,1445.104607391953,1303.9327328142392,1313.047059732498,77813
2018-04-11,1383.0880126953125,1415.2851054527507,1348.7609342304797,1378.0355700183557,28082
2018-04-12,1368.77294921875,1398.8400609021867,1351.7827642358595,1378.0357823760212,5104
2018-04-13,1385.6143798828125,1396.8585718598458,1359.2127380083039,1378.6796210154232,7528
2018-04-16,1405.774658203125,1412.7094169116674,1357.825730946112,1357.9247747411434,10849
2018-04-17,1398.3446044921875,1436.3867348157955,1386.9517862480075,1436.3867348157955,10552
2018-04-18,1401.11865234375,1435.495197025776,1396.858680335641,1396.858680335641,7122
2018-04-19,1398.196044921875,1411.718849668377,1380.0170930442453,1403.793410512344,2989
2018-04-20,1388.883544921875,1410.7280836349066,1381.403984734633,1410.7280836349066,2173
2018-04-23,1380.1160888671875,1406.765401289401,1363.7204097427057,1363.7204097427057,3681
2018-04-24,1360.7484130859375,1392.895927186001,1352.27805164217,1367.1382500118643,5431
2018-04-25,1343.0152587890625,1377.0450898812614,1322.6072766075597,1377.0450898812614,3623
2018-04-26,1298.285888671875,1362.1847363020436,1277.9769526033717,1362.1847363020436,12356
2018-04-27,1347.1265869140625,1366.147592769574,1277.977080980965,1307.6974782130803,10336
2018-04-30,1365.6025390625,1375.0635796441845,1326.1239727239317,1362.1847420826757,3191
2018-05-02,1342.5692138671875,1371.6952241147026,1335.634455281236,1339.3990868866465,4874
2018-05-03,1332.3157958984375,1347.3246200807098,1303.9327935021288,1337.4178214036458,8952
2018-05-04,1339.4981689453125,1356.934109701564,1324.0435878416486,1339.3991251492023,3299
2018-05-07,1333.8018798828125,1369.119643052564,1322.5576870297923,1369.119643052564,2446
2018-05-08,1339.8944091796875,1359.7575872414875,1323.350105143629,1345.343147997054,4788
2018-05-09,1336.823486328125,1345.046056969818,1312.5022463176317,1340.3899097951607,3309
2018-05-10,1335.5355224609375,1342.0245240500165,1313.1957637194826,1313.1957637194826,1048
2018-05-11,1365.652099609375,1381.007636456633,1333.1082924776722,1341.3804445927412,2102
2018-05-14,1361.4417724609375,1371.9925369615987,1342.3711855081465,1371.9925369615987,1883
2018-05-15,1336.6253662109375,1386.9519570245895,1327.4121150559852,1347.572428244784,16825
2018-05-16,1368.4757080078125,1372.1412963375444,1333.2571087756467,1333.2571087756467,3809
2018-05-17,1360.2530517578125,1410.4308907179607,1351.2873505093248,1385.961146160224,14363
2018-05-18,1317.158447265625,1376.5496560951053,1300.7626473212474,1371.150499267916,10869
2018-05-21,1307.8953857421875,1336.72426383408,1288.0817903155062,1297.840082809218,9963
2018-05-22,1294.22412109375,1312.6507412753226,1288.0818337448302,1299.8709476077083,7835
2018-05-23,1289.6671142578125,1312.155499127654,1284.2678363602022,1312.155499127654,5665
2018-05-24,1289.7166748046875,1314.0379160649575,1278.0761853372783,1314.0379160649575,2088
2018-05-25,1272.8748779296875,1291.5491674022664,1268.0701052330955,1291.5491674022664,9384
2018-05-28,1258.2625732421875,1292.639239873698,1255.2410719712227,1292.639239873698,5396
2018-05-29,1216.15869140625,1260.1449056973008,1211.7502139692688,1260.1449056973008,11015
2018-05-30,1222.796142578125,1248.206983056679,1208.1340329604666,1210.957446243351,7140
2018-05-31,1211.007080078125,1228.443021356013,1204.1713648856726,1208.6294242373676,3381
2018-06-01,1196.543212890625,1218.5362579538235,1174.7977168659522,1210.6108188777011,10955
2018-06-04,1172.3704833984375,1225.272808178091,1139.232171984194,1225.272808178091,9840
2018-06-05,1121.8955078125,1177.3241258871753,1109.561590293445,1177.3241258871753,14121
2018-06-06,1200.109619140625,1213.5828411910006,1092.670314640522,1121.4991956140793,18648
2018-06-07,1206.449951171875,1232.4057144701528,1182.9707665279577,1232.4057144701528,2579
2018-06-08,1219.180419921875,1233.3966543619317,1200.704212921013,1200.704212921013,2014
2018-06-11,1188.5682373046875,1238.3499034222623,1173.9557084443047,1238.3499034222623,7735
2018-06-12,1178.364013671875,1203.4778427924382,1170.4385754471837,1194.7102300103013,6008
2018-06-13,1177.86865234375,1194.7102082646763,1170.9834763844065,1188.9643382159131,8822
2018-06-14,1176.3333740234375,1183.862517311028,1168.952735979381,1182.2278712386792,2703
2018-06-15,1174.50048828125,1178.9089650295418,1129.3253925390857,1177.8687028638315,8388
2018-06-18,1157.807373046875,1174.5004235457682,1154.1419063525238,1174.5004235457682,1155
2018-06-19,1138.6876220703125,1160.1358683676626,1124.4218058100753,1160.1358683676626,4861
2018-06-20,1202.982666015625,1244.2939699901865,1114.51490146414,1147.355964747138,11537
2018-06-21,1177.4725341796875,1208.0349820701829,1164.2964443601577,1190.7971292243433,4376
2018-06-22,1176.8782958984375,1188.667412468337,1165.1387617031974,1181.3859384180707,1342
2018-06-25,1153.9932861328125,1176.9771289627072,1144.2351147519646,1176.9771289627072,6263
2018-06-26,1158.25341796875,1159.095471689012,1133.337794540367,1153.9934460672787,16809
2018-06-27,1135.4183349609375,1164.0490114285549,1129.3752110881298,1158.5012275606107,3876
2018-06-28,1106.143798828125,1139.2819963488782,1093.9088041212415,1137.300636355228,3203
2018-06-29,1122.88623046875,1139.2820333213358,1105.5989123361833,1105.5989123361833,2795
2018-07-02,1133.5360107421875,1139.2820031310257,1112.583225430698,1122.9853654592855,8118
2018-07-03,1123.2823486328125,1134.3284533916622,1102.626697489013,1127.3936942879577,3920
2018-07-04,1130.2667236328125,1137.7462843284159,1108.3231396314652,1123.232920519773,1213
2018-07-05,1116.5457763671875,1134.32843135025,1114.5148342960972,1130.1180419762425,474
2018-07-06,1115.109130859375,1127.3935842592628,1106.1435514527193,1115.5054269560017,1344
2018-07-09,1137.35009765625,1140.2725549627394,1109.5614783303806,1115.1092615355117,7795
2018-07-10,1164.6929931640625,1184.8533074445081,1132.8426062397953,1137.3006663430563,4020
2018-07-11,1166.3275146484375,1188.815900391127,1144.2353041264596,1164.6928685988782,2012
2018-07-12,1149.5849609375,1169.002262466525,1146.2166251472622,1162.8105131949862,641
2018-07-13,1146.5137939453125,1178.8593930369066,1126.25431924547,1149.1885810626793,2245
2018-07-16,1133.5853271484375,1152.2101552028282,1124.5701654253633,1141.263095368145,1768
2018-07-17,1123.4805908203125,1157.1141251077217,1119.4682888456555,1157.1141251077217,1182
2018-07-18,1123.9263916015625,1138.0931631124665,1119.4683318728653,1134.0312786135655,433
2018-07-19,1128.73095703125,1134.8236617237483,1124.4215242745126,1124.5205680637023,1402
2018-07-20,1122.14306640625,1129.375077998051,1118.0813030315496,1126.4526206867995,810
2018-07-23,1108.5211181640625,1138.0434246923396,1099.6545822924893,1138.0434246923396,1091
2018-07-24,1115.8524169921875,1128.1368734338862,1100.6455028628297,1103.468916734955,1218
2018-07-25,1136.4088134765625,1151.169967190743,1117.090556712174,1117.090556712174,2007
2018-07-26,1134.3780517578125,1139.2818688201273,1125.4619327844375,1126.6011179071752,562
2018-07-27,1154.48876953125,1158.9964113409544,1119.4682600944614,1131.3564186087387,88916
2018-07-30,1150.4271240234375,1161.0769337829656,1139.2819742750942,1158.1048938500742,1321
2018-07-31,1149.6346435546875,1153.002979992972,1142.3037077528413,1149.139303517664,1469
2018-08-01,1118.4774169921875,1173.9554819625705,1109.6108817672762,1168.7544133715971,11022
2018-08-02,1119.5177001953125,1134.3283140892067,1111.3445922553685,1114.5643014438313,1254
2018-08-03,1110.9483642578125,1137.696719155195,1079.8409940054487,1079.8409940054487,9648
2018-08-06,1114.3662109375,1132.842414423538,1104.6080385502798,1110.9484138100927,2716
2018-08-07,1121.9945068359375,1154.1420194333816,1119.4682248581298,1127.3440812528977,6475
2018-08-08,1125.114990234375,1147.2071979460973,1112.5334052620615,1121.9448632762999,4549
2018-08-09,1102.8245849609375,1144.235044467063,1094.7010598580991,1144.235044467063,8254
2018-08-10,1093.4134521484375,1110.6018466512098,1079.7916023412704,1110.6018466512098,7938
2018-08-13,1064.931396484375,1091.7789206974523,1030.505267167853,1082.9618446859786,21314
2018-08-14,1101.2396240234375,1130.0189201299204,1068.7948610881406,1068.7948610881406,8850
2018-08-16,1086.5283203125,1099.6548306787097,1078.6524624658223,1090.342414232384,3520
2018-08-17,1077.1663818359375,1115.3075607546548,1067.655757359465,1067.655757359465,4327
2018-08-20,1089.4505615234375,1107.481007002988,1077.4138983256735,1079.8410155380186,3968
2018-08-21,1085.587158203125,1089.7975480705989,1083.1599197199544,1086.7759257926605,1081
2018-08-23,1287.140625,1302.6942482163454,1119.4680825476237,1119.4680825476237,667030
2018-08-24,1214.8707275390625,1238.3497912073144,1192.3822227711796,1228.442992877656,110285
2018-08-27,1188.370361328125,1232.4060433630204,1166.0304767188707,1216.5551617763579,30848
2018-08-28,1165.2872314453125,1204.6667574388948,1139.28188409106,1193.769278547589,17883
2018-08-29,1149.8819580078125,1188.815721251846,1139.2817328663523,1166.1291303847722,14010
2018-08-30,1125.511474609375,1156.0739270867496,1108.4718277273457,1149.882177357435,18880
2018-08-31,1110.601806640625,1138.8856466617099,1100.7444685757175,1125.5114673328555,4410
2018-09-03,1128.830078125,1179.899671472345,1102.6762274933521,1104.6575871431796,14410
2018-09-04,1100.5958251953125,1133.1397577996477,1068.795023474688,1121.2020162122392,9631
2018-09-05,1142.798828125,1154.2906905884927,1097.3265972802376,1109.660513458288,10142
2018-09-06,1131.3067626953125,1159.095379788931,1120.5579109239598,1143.1949204367374,2770
2018-09-07,1122.7869873046875,1130.464756166078,1108.7193817639538,1123.827249523464,7093
2018-09-10,1121.00390625,1138.9846499621062,1103.6174253677966,1119.4683040086268,6540
2018-09-11,1100.84375,1126.9977305193647,1089.8472243647664,1091.7295408631269,4418
2018-09-12,1102.4285888671875,1119.3691901681318,1081.822399550332,1081.822399550332,3822
2018-09-14,1100.397705078125,1144.2352908982527,1091.2339159518835,1099.6546951489702,24996
2018-09-17,1099.605224609375,1117.4870470959704,1082.813246875794,1117.3880032818647,5791
2018-09-18,1098.8614501953125,1102.6294770407123,1086.7643047091913,1099.6051301483526,2989
2018-09-19,1084.781005859375,1092.6639638381314,1081.8062864648796,1081.8062864648796,1723
2018-09-21,1061.28076171875,1097.6714469077992,1046.109644523693,1089.7388619256292,21737
2018-09-24,1042.6392822265625,1057.9095346291776,1011.4047245564373,1054.9843208890443,9892
2018-09-25,1046.2584228515625,1047.1012358122116,1012.4953090188013,1039.168650692422,3756
2018-09-26,1059.2977294921875,1070.3041681313136,1039.7141582095499,1070.3041681313136,2621
2018-09-27,1043.135009765625,1072.7830727496132,1037.383836770409,1072.7830727496132,3171
2018-09-28,1012.5946044921875,1047.1013411297995,1010.066104835102,1047.1013411297995,15737
2018-10-01,1076.9970703125,1110.5617931562629,997.5224677814291,1030.4426439476235,8868
2018-10-03,1061.181640625,1105.6041705115433,1046.10977568581,1105.6041705115433,1100
2018-10-04,1021.8658447265625,1081.7567712274954,1011.404698691086,1042.143468945423,11594
2018-10-05,1021.7171630859375,1041.1519757584288,1014.6273897093449,1040.7553222259976,5165
2018-10-08,1016.2136840820312,1058.2067813510869,1008.0828329446248,1018.9405101519912,3614
2018-10-09,992.5151977539062,1016.7095473046951,987.6068983537064,998.5637700113973,3399
2018-10-10,1009.5205688476562,1016.3624475811649,974.7163765583269,974.7163765583269,3477
2018-10-11,1015.9163818359375,1025.1379400740564,977.6911861318695,999.4562302193963,6989
2018-10-12,1041.2015380859375,1070.8991084641846,1010.7106001713373,1016.3625797923974,5194
2018-10-15,1011.1072387695312,1060.388440601331,1007.6367324506838,1060.388440601331,6712
2018-10-16,1015.6188354492188,1030.1454068279963,999.5553377367773,1029.25296675254,5495
2018-10-17,1013.3382568359375,1021.2707820168133,1008.4299573288442,1021.2212759811689,654
2018-10-19,1001.8855590820312,1030.839447342245,997.3738527242843,1001.5384721586842,774
2018-10-22,1001.6376953125,1027.319465480933,991.5732030927782,1001.5385016796955,1877
2018-10-23,994.3495483398438,1012.2970587688475,985.6237166746552,991.6227221619208,1020
2018-10-24,994.7462158203125,1002.8275008398426,986.615303725645,991.87062942022,803
2018-10-25,987.5573120117188,991.5731712511212,976.6995736823543,986.6153053948655,842
2018-10-26,995.8369750976562,1026.2782851278355,981.0625703972007,981.6574901222775,1636
2018-10-29,1012.8424072265625,1021.3203455637281,981.6574195224182,991.5731510327457,3674
2018-10-30,992.5151977539062,1004.9098626428836,986.6153251625882,1003.5216359669882,1980
2018-10-31,995.3906860351562,1007.3391909527197,975.4105233025671,975.4105233025671,2701
2018-11-01,1006.3971557617188,1015.3708804427173,991.5731254323412,991.5731254323412,1593
2018-11-02,1043.4820556640625,1047.101322131655,996.3823276325724,996.3823276325724,6495
2018-11-05,1002.7778930664062,1041.201412328807,996.5309944590363,1041.1517852557095,3165
2018-11-06,1010.1156616210938,1021.3204270172142,993.5563765740279,1000.4478226274842,1184
2018-11-07,995.1925048828125,1024.2951552201857,988.5985186394241,1021.3204355051223,2241
2018-11-09,1005.6534423828125,1017.2548596676705,987.6067999975687,1000.4972501983401,4620
2018-11-12,996.8285522460938,1007.9341844842717,992.6143660345264,996.580658939531,1075
2018-11-13,1001.6376953125,1031.2361312164894,986.6649036333039,996.531069108242,4383
2018-11-14,1018.89111328125,1022.3119924824981,992.0194426367698,992.0194426367698,18417
2018-11-15,1029.947021484375,1050.026378532123,1007.4383585438059,1011.4046512939783,2149
2018-11-16,1035.99560546875,1046.1096024980484,1021.3202754246348,1038.177017834556,889
2018-11-19,1039.0198974609375,1047.101242814091,1016.362475269359,1045.0684694468946,2315
2018-11-20,1023.005859375,1041.0525613707339,1017.5027016149406,1040.9038012060553,697
2018-11-21,1030.2940673828125,1036.193878850522,1001.5383872575297,1025.2865748626216,2740
2018-11-22,1047.745849609375,1053.0507420393787,1019.4363862348764,1021.4691597185619,4944
2018-11-26,1038.12744140625,1064.9495430247882,1031.2360565603162,1064.9495430247882,384
2018-11-27,1018.593505859375,1039.1686484698223,1011.5037337153983,1039.1686484698223,728
2018-11-28,1041.6474609375,1045.8616462863665,1021.2705868927993,1021.2705868927993,2091
2018-11-29,1032.1781005859375,1049.4314989166037,1012.594589904688,1041.1022596147318,1372
2018-11-30,1049.5306396484375,1056.0254927387507,1022.3120028297202,1029.9470683042211,1758
2018-12-03,1052.2574462890625,1061.3303654055699,1032.2277157827534,1043.7299408569206,3403
2018-12-04,1050.6708984375,1060.9832835325003,1016.3624912344044,1041.8458730857697,2806
2018-12-05,1075.361328125,1079.823408324689,1040.2101003018981,1041.1520465940525,4256
2018-12-06,1055.7279052734375,1076.3030485429683,1048.1424673591928,1070.8990231852201,561
2018-12-07,1045.7626953125,1076.7988637206115,1041.1518557430225,1076.7988637206115,2638
2018-12-10,1047.2005615234375,1056.0255883006682,1027.3195890353584,1035.4008147791626,1131
2018-12-11,1055.2320556640625,1060.9832281210004,1033.2191810299835,1038.8710993425705,459
2018-12-12,1087.755859375,1108.5788977039654,1039.1687699407476,1045.7131292072338,2059
2018-12-13,1069.2628173828125,1095.6882644393838,1061.9747793797105,1090.6807719182775,409
2018-12-14,1087.4088134765625,1099.654718732931,1058.653189632329,1066.2387490961216,1286
2018-12-17,1071.0478515625,1178.9309466606323,1056.025492878017,1080.8148236967497,125869
2018-12-18,1043.1845703125,1072.4854839733582,1041.151796958923,1072.4854839733582,4204
2018-12-19,1045.1181640625,1052.2079367272315,1041.151871219758,1041.151871219758,1143
2018-12-20,1043.977783203125,1049.0844092143407,1026.2782264053333,1047.1508899580615,1484
2018-12-21,1038.57373046875,1069.8577903934265,1031.4839583133505,1042.1433695624432,2572
2018-12-24,1015.22216796875,1044.0274170327148,1012.3962086368101,1044.0274170327148,1540
2018-12-26,1020.5768432617188,1025.2868165485716,1002.678956875845,1011.9005766806742,608
2018-12-27,1016.6600952148438,1030.6907597803236,1009.3719955609185,1011.8509286702479,1390
2018-12-28,1016.8583374023438,1020.1305774459456,1011.9004713009183,1016.3625507922012,41063
2018-12-31,1026.6748046875,1030.7402301604209,1007.9340490217103,1007.9340490217103,1457
2019-01-01,1013.6356201171875,1026.6748308303247,1012.396153719392,1022.7085383573789,1141
2019-01-02,1020.676025390625,1026.278439145988,1014.7265851636917,1015.4702651920584,5848
2019-01-03,1021.3701782226562,1030.9387642228028,1016.4618175120867,1022.9566713753143,778
2019-01-04,1035.99560546875,1040.8542167418302,1012.396117678206,1017.9489027343234,2003
2019-01-07,1039.66455078125,1053.4474431401386,1025.7328982267938,1053.4474431401386,1219
2019-01-08,1052.306884765625,1065.7922538508797,1024.2453194218895,1029.351944767123,2792
2019-01-09,1036.541015625,1049.3819611306917,1031.2361232378278,1047.547453885843,276
2019-01-10,1034.70654296875,1051.067499326186,1026.9227182433888,1026.9227182433888,984
2019-01-11,1039.267822265625,1052.00951337758,1026.8236515233316,1044.5727145525113,1148
2019-01-14,1025.28662109375,1037.1358716346078,1016.3624628830694,1033.5167265269235,1033
2019-01-15,1024.989013671875,1032.1779182865039,1016.3623765509732,1022.1630546868646,166
2019-01-16,1026.37744140625,1033.1696939242834,1021.4195751826263,1026.2783082901087,813
2019-01-17,1031.3353271484375,1036.194060347874,1016.5608613140931,1026.2287006331283,1322
2019-01-18,1035.7479248046875,1092.7137616960426,1027.2699247886571,1092.7137616960426,1312
2019-01-21,1020.0809326171875,1036.1939971664262,1015.9658796162826,1031.236131151276,1805
2019-01-22,1022.0145263671875,1031.236206243529,1016.3626071150165,1017.8003399474422,1365
2019-01-23,1024.2950439453125,1032.2276289903875,1019.089285009482,1031.2360558597532,517
2019-01-24,1021.5684204101562,1027.3195941249337,1012.9417203588231,1016.4122875250679,1935
2019-01-25,1019.6842651367188,1031.236117001848,1016.114625863119,1016.114625863119,516
2019-01-28,1024.44384765625,1026.0303405243535,1020.2791677056254,1021.0228475852033,1621
2019-01-29,1025.237060546875,1028.0631409969524,1018.8414618308742,1024.3942475361723,718
2019-01-30,1020.5768432617188,1031.2362564898592,997.0269768274552,1027.0716969476239,992
2019-01-31,1026.030517578125,1040.2100648122525,1017.4533839452437,1017.4533839452437,443
2019-02-01,1022.0641479492188,1029.2034270758338,1019.3373214569942,1028.6581344023841,1422
2019-02-04,1020.130615234375,1030.9882939820336,995.142896532586,1019.4364413294696,2446
2019-02-05,1023.2537841796875,1030.740209296862,996.6300713802023,1010.0163078645771,1156
2019-02-06,942.143310546875,1021.3204072290702,887.7059170600244,1013.0407951263687,52982
2019-02-07,891.3251342773438,941.9944983486083,879.0791694863184,932.7233135468747,22751
2019-02-08,891.4737548828125,919.1882342438425,882.5000307195468,895.4400471557093,11610
2019-02-11,885.0781860351562,893.4569914135283,860.5863771887474,892.4158516907204,3995
2019-02-12,881.4093627929688,885.4747883407406,852.7528756696942,876.2531705103369,6224
2019-02-14,872.7827758789062,889.9865473437084,867.6761494967058,887.7555075590082,8957
2019-02-15,862.4207763671875,871.0970417229943,860.040976518408,864.1064628833377,2739
2019-02-18,842.14306640625,867.6265085324534,837.9784470611298,867.6265085324534,6827
2019-02-19,840.6061401367188,853.645351302049,836.6398475262241,842.8867462835888,1171
2019-02-20,837.5323486328125,847.3984538040557,823.5015632919342,833.9626487106224,6748
2019-02-21,844.3245849609375,853.744530418517,829.1535270123694,829.2030935685074,1447
2019-02-22,841.4985961914062,861.1812994371087,835.9953166729905,835.9953166729905,2661
2019-02-25,836.9373168945312,847.8446216975473,834.9046040126792,836.9868834485621,1203
2019-02-26,831.1862182617188,842.8372031284949,823.0057395254715,842.8372031284949,1555
2019-02-27,826.6250610351562,847.4480992086864,823.0057944776163,831.1862737600745,871
2019-02-28,814.7261352539062,844.1758105615253,804.2154231340932,837.5818851647118,2118
2019-03-01,842.9860229492188,857.6612949494643,813.0900652444012,813.0900652444012,2393
2019-03-05,864.3048706054688,891.0773490689836,852.7530177267683,852.7530177267683,3352
2019-03-06,890.3336181640625,892.4158977170717,864.701414122693,865.6434207855596,2136
2019-03-07,896.13427734375,902.3316098288382,891.3251715436515,902.3316098288382,4022
2019-03-08,911.3053588867188,916.2632250038554,892.4159010845935,902.3316333188668,19603
2019-03-11,907.48779296875,920.179917659894,888.9453622651886,911.2061924205007,1146
2019-03-12,901.6375122070312,917.2052237851718,899.3569059169198,899.4064724734997,1079
2019-03-13,897.1754150390625,906.8432536936232,893.4074490009372,900.8938145215858,291
2019-03-14,893.0107421875,910.2641389644355,887.4579568335183,905.5046000151909,765
2019-03-15,884.8799438476562,921.3202587812569,865.147613049431,865.147613049431,743
2019-03-18,892.4158935546875,897.3737596299914,878.0876484928942,884.5328743907892,1822
2019-03-19,917.1060791015625,919.1883586182576,890.4327357488622,891.6722022518534,1109
2019-03-20,893.8041381835938,918.8413623658384,892.6638047550814,912.2473761451539,895
2019-03-22,894.7459716796875,917.0068001053297,883.4916410885152,893.4073721893964,590
2019-03-25,902.232421875,910.2641400791343,866.2382685728608,875.0632937035251,1536
2019-03-26,906.0501098632812,912.2474430360808,892.4159768831224,894.8453435910262,1545
2019-03-27,895.0435180664062,922.1630192079014,870.5516494305912,917.4530467979686,2426
2019-03-28,892.5150756835938,912.1482748366867,875.0634103484326,910.7600480510316,707
2019-04-01,914.7757568359375,922.1629885797998,882.5000643398084,922.1629885797998,3523
2019-04-02,893.407470703125,912.1977953154192,887.458031386567,905.6038091979036,1669
2019-04-03,906.248291015625,908.2810038655265,896.3821260856288,902.8769181029919,1026
2019-04-04,907.438232421875,912.8422579108741,897.4233068530212,898.4148800467201,929
2019-04-05,900.8937377929688,918.2462672335056,897.7206917339637,900.1004914084224,358
2019-04-08,902.33154296875,921.7663519935948,899.9021767104392,921.7663519935948,1347
2019-04-09,896.729248046875,906.2979541563096,887.5571954473719,897.423361428841,26474
2019-04-10,889.2923583984375,907.4381955219068,883.7395729478515,897.423270360299,1577
2019-04-11,958.35546875,990.5815967731505,883.6900211574497,890.9780597482021,67163
2019-04-12,922.8572387695312,950.4229631017007,915.172546057963,932.0788579192475,27998
2019-04-15,925.3361206054688,935.8467722973893,895.0435715065531,913.635568971619,5950
2019-04-16,942.1928100585938,946.2582357256737,898.3652651512451,916.2135816774287,15354
2019-04-18,922.6588134765625,936.1441840702555,918.1967343141289,932.8224382354392,3151
2019-04-22,907.7357177734375,935.0039813661023,899.2577788333379,935.0039813661023,2163
2019-04-23,918.1472778320312,926.1294305198189,900.7947456756107,902.3316721338707,3292
2019-04-24,930.6410522460938,940.0114314677384,906.4467015039355,909.2726610294474,3136
2019-04-25,937.0366821289062,938.9702619898453,920.9731840453884,921.9647572539903,3550
2019-04-26,934.359375,940.0113541067049,923.4520702582555,927.7654498095299,1030
2019-04-30,924.0966186523438,932.0787704869235,920.9731389897233,928.3603711365768,1407
2019-05-02,923.1546020507812,927.0217615416,907.2894316610793,925.0386152428872,1388
2019-05-03,909.61962890625,932.0787855537197,867.6265291058561,927.1209196731148,11050
2019-05-06,891.6721801757812,915.7178297384864,881.3102283631517,915.7178297384864,1457
2019-05-07,891.7713623046875,907.2399410418273,883.9875366390793,907.2399410418273,1107
2019-05-08,883.5908203125,899.4064243481057,875.8069952003392,899.4064243481057,1264
2019-05-09,876.2036743164062,889.4411522061274,867.9240018601866,878.781740404326,1216
2019-05-10,873.2289428710938,891.4242864677511,872.584396097465,878.137181682483,1225
2019-05-13,870.6012573242188,877.9884896642212,865.6433913941263,865.6433913941263,734
2019-05-14,880.814453125,890.4822917335606,855.2814434664939,864.8501489643221,797
2019-05-15,855.9755249023438,891.4242651459102,848.3899660684684,873.6750814869564,1411
2019-05-16,855.9259033203125,870.2541465737735,839.8128406091652,870.2541465737735,764
2019-05-17,875.7573852539062,881.5084972034883,847.7950113711839,847.8445779226557,795
2019-05-20,877.591796875,896.3821200126147,877.542230322084,887.4083951852367,1651
2019-05-21,878.880859375,891.8209377242616,868.6181012229894,891.8209377242616,383
2019-05-22,900.6954956054688,937.1358108508665,883.4917247251553,886.4664443370245,48934
2019-05-23,886.5159301757812,917.2051301481454,872.5843400328301,917.2051301481454,14400
2019-05-24,880.91357421875,897.324097068067,872.6834689976295,892.4157980744934,2524
2019-05-27,908.97509765625,934.0618856660466,879.5253636791755,891.8208946627256,37137
2019-05-28,906.3474731445312,920.6261514610406,897.3737477709865,920.6261514610406,1182
2019-05-29,893.9032592773438,920.1303830929741,892.4158994449355,907.2399312121028,1286
2019-05-30,900.8441772460938,915.321120553223,895.9358782103192,915.2715540015122,1284
2019-05-31,892.4654541015625,907.2894856710635,882.6984822073135,907.2399191148095,2278
2019-06-03,911.65234375,925.3856071484289,875.1624047969797,881.6572570998635,45552
2019-06-04,921.61767578125,923.9478484739284,895.5888806104248,912.1977308622847,32462
2019-06-06,904.5130615234375,917.2051860478265,904.3147347844516,906.6449075352707,678
2019-06-07,891.1268310546875,911.8506742526703,886.0697715123637,895.3905836344965,1306
2019-06-10,902.232421875,906.5457408141052,892.6141503386269,897.7207156834409,598
2019-06-11,893.3578491210938,912.1481725760223,892.4158425164951,912.1481725760223,611
2019-06-12,898.117431640625,907.1903506869478,883.5908599594434,907.1903506869478,666
2019-06-13,894.6469116210938,902.3316038516989,887.705899283773,897.3737378964698,842
2019-06-14,880.1204223632812,901.2905482818002,873.8735227804249,892.4159552889275,474
2019-06-17,893.8041381835938,902.3316437957501,883.987538949353,892.4159114463463,799
2019-06-18,884.731201171875,892.3663270323008,880.5170150077053,880.5170150077053,1119
2019-06-19,867.5769653320312,895.98550060646,860.437626336912,882.50012957632,6131
2019-06-20,864.156005859375,875.5095306050655,852.7529145600258,852.7529145600258,1639
2019-06-21,857.2150268554688,892.4158752688512,852.9017076666659,864.1560392186709,86667
2019-06-24,836.0945434570312,862.6191268461313,833.0206301910325,857.7108273484691,43022
2019-06-25,827.2694091796875,872.3859843545829,823.0056570365532,823.0056570365532,2525
2019-06-26,815.0236206054688,834.9046515701655,813.3379340266368,818.0479068234994,3378
2019-06-27,812.0984497070312,823.0057548923515,808.4296167678039,813.0900229056967,1994
2019-06-28,816.5604858398438,827.8148168401152,807.1405409515882,807.1405409515882,844
2019-07-01,813.734619140625,839.8129837460423,808.1322060193983,839.8129837460423,877
2019-07-02,812.1975708007812,834.2600741446377,805.45488525379,813.0900108747052,8181
2019-07-03,790.482177734375,817.0563277462279,787.8049179543424,808.1321688266696,1972
2019-07-04,806.6448364257812,811.0077829208653,792.2670243444367,792.2670243444367,101777
2019-07-05,796.1341552734375,811.1068865503272,793.4568954997297,793.4568954997297,1981
2019-07-08,788.3998413085938,810.710238710343,784.8302019326444,798.2164403736939,6381
2019-07-09,781.7067260742188,797.4727645268476,779.9219063771427,789.292285437825,1005
2019-07-10,775.2615356445312,803.1247807974272,770.5515626199087,778.6329089652244,3651
2019-07-11,772.0388793945312,783.1940780402186,767.527233379774,775.4102525268916,1389
2019-07-12,768.2708740234375,773.3775000174626,761.528188624159,768.5683338679543,744
2019-07-15,756.4215087890625,770.4027256944136,753.5955496860672,758.8013084174512,1462
2019-07-16,775.9059448242188,791.2753277568391,749.6292578749002,749.6292578749002,69462
2019-07-17,776.3522338867188,778.3849468028671,762.0239893222973,762.0239893222973,832
2019-07-18,767.6759643554688,778.384942543624,762.519771740187,762.519771740187,861
2019-07-19,752.3065185546875,760.5365631310817,743.6798205323485,753.8434447462906,1576
2019-07-22,754.1409912109375,764.2550500363097,735.7968868636501,743.6799059711091,32955
2019-07-23,755.4300537109375,761.528253385835,743.8782617005893,743.8782617005893,3184
2019-07-24,753.2485961914062,760.5366349121565,743.7790238328809,743.7790238328809,1706
2019-07-25,755.6282958984375,762.5197412951916,735.7472666333318,735.7472666333318,849
2019-07-26,786.6150512695312,790.0855576628351,743.6799414222522,743.6799414222522,754
2019-07-29,778.8807373046875,798.1668478691657,763.3625927414013,786.6149960483605,2061
2019-07-30,778.8312377929688,791.6721237562855,757.6115455857314,757.6115455857314,969
2019-07-31,776.5008544921875,783.342732950334,759.0491924980769,761.5281251972867,639
2019-08-01,770.0557250976562,774.567431587124,735.2515298871864,761.528219761779,5092
2019-08-02,733.7145385742188,757.3139666078847,727.1701197024965,751.6124211964342,38486
2019-08-05,710.3630981445312,743.5808019089962,695.2911726905189,725.831616584727,32810
2019-08-06,734.3095092773438,738.7220220501301,699.0590946917339,699.0590946917339,715
2019-08-07,757.3140869140625,763.5609864269945,713.9327562397708,733.7642216908756,710
2019-08-08,771.89013671875,773.4270630090265,741.746288516223,741.746288516223,401
2019-08-09,779.0294799804688,788.251098295296,768.4692015826489,771.8901411003105,674
2019-08-13,754.5377197265625,793.2090786821751,744.9194465488207,783.3429121777948,1305
2019-08-14,762.0239868164062,773.4270783562744,743.6798830348793,756.5207677861129,988
2019-08-16,756.9173583984375,790.2838199221763,743.9773405779041,790.2838199221763,602
2019-08-19,771.9397583007812,780.3681307420871,743.7294878489508,754.3889000541318,423
2019-08-20,773.4767456054688,782.0043123535845,757.5620061408387,773.4271790443117,838
2019-08-21,761.2308349609375,779.3270476965582,754.587281742872,764.5525813095545,471
2019-08-22,748.6377563476562,771.4439396536113,736.937204842679,743.878217153187,5047
2019-08-23,730.7398681640625,748.3898586894738,724.1458822991777,724.1458822991777,474
2019-08-26,728.905517578125,755.4797307613219,724.9888514116639,753.5957172598394,358
2019-08-27,733.0205078125,743.5807868848187,722.9064487963461,738.7220538658269,339
2019-08-28,743.6798706054688,746.6545900878906,722.8568342285156,723.1542940725932,2802
2019-08-29,731.5331420898438,743.6799140188178,724.1459095064249,724.1459095064249,390
2019-08-30,784.53271484375,793.2585467538778,729.8969961235821,729.8969961235821,2110
2019-09-03,777.3933715820312,793.2585424306441,761.6273338428927,793.2585424306441,375
2019-09-04,764.3045654296875,793.2585132681389,747.1503621844283,763.5608855734986,1494
2019-09-05,785.2268676757812,793.2090200998555,752.058730917005,752.6040840911666,1524
2019-09-06,786.5654907226562,793.2586102466121,769.4608519392137,791.9695771091272,2180
2019-09-09,792.7131958007812,793.2585489490189,773.4766517804378,792.2669757628325,1007
2019-09-11,781.6076049804688,802.1827496723112,773.7245856329228,792.3165838484429,604
2019-09-12,783.6898193359375,793.1097643143275,764.701229718308,774.7656609353575,6429
2019-09-13,782.9957885742188,790.977940597383,767.7751038947055,767.8246704497166,4616
2019-09-16,781.5084838867188,788.0528431509209,773.4271376630618,783.3428701972036,880
2019-09-17,778.4345092773438,778.9302958650652,763.6104782003065,775.4102231964074,5408
2019-09-18,783.293212890625,802.1826690755703,763.5113166726688,802.1826690755703,3302
2019-09-19,777.1873779296875,787.3142569098262,770.6347236118245,781.258017634151,4478
2019-09-20,804.4404296875,819.0846707709811,766.7128933368366,766.7128933368366,23719
2019-09-23,827.7223510742188,842.7636886333726,814.1205684813052,814.3687759716959,1624
2019-09-24,841.5226440429688,892.4548691171071,818.6875551207347,828.9633814942588,1210
2019-09-25,869.0241088867188,891.5613625769346,843.6573138638644,843.6573138638644,2925
2019-09-26,879.101318359375,891.5613224952305,865.7477430020501,865.7477430020501,2917
2019-09-27,897.8657836914062,908.4394474001595,855.0748350528823,876.1228431121524,3069
2019-09-30,911.020751953125,923.3318677623018,895.5326287328993,895.5326287328993,2659
2019-10-01,878.8531494140625,913.1554146256973,863.762120928901,897.5679711285077,1481
2019-10-03,862.5706787109375,893.5469863575042,858.7979368880458,893.5469863575042,203
2019-10-04,849.4157104492188,888.4836080468018,844.8983459832689,873.6904165279396,421
2019-10-07,860.6844482421875,872.2508826872584,858.7980467905676,863.1168335383014,463
2019-10-09,860.7836303710938,867.2866549054859,832.0411890713754,863.7621204415819,1043
2019-10-10,868.726318359375,878.4560410054922,846.884056640625,878.4560410054922,31458
2019-10-11,875.8746948242188,881.6330970775148,837.7003667332805,868.7263062419205,1929
2019-10-14,868.875244140625,882.3777086071599,858.649046128245,875.8746838868622,395
2019-10-15,868.9247436523438,873.6903150695813,861.7763562277233,868.7261655521405,627
2019-10-16,866.5419921875,872.2011351783974,858.797930482998,864.3577541176321,351
2019-10-17,869.7191162109375,873.6904363762842,859.7908157975706,867.7334561282642,323
2019-10-18,868.9247436523438,874.6335155974007,862.669927379874,874.6335155974007,490
2019-10-22,877.2149658203125,883.6187316693336,862.7693009220795,873.6904313134983,668
2019-10-23,879.0517578125,888.2354358513013,873.7400806423462,873.7400806423462,1281
2019-10-24,897.46875,902.4825297122269,879.2502819360652,883.6187584641166,1045
2019-10-25,923.977294921875,927.3032512951074,885.6540192700008,885.6540192700008,1755
2019-10-27,895.7312622070312,927.9486086929097,888.6325032771216,923.7290810794404,1025
2019-10-29,905.5106811523438,913.4036925717929,894.5895500455072,895.5327507606056,3178
2019-10-30,921.2470092773438,928.2464488708663,903.4753274974455,905.5106169398831,3493
2019-10-31,924.2254638671875,953.0671630176329,908.5387015142812,933.2105631760136,6823
2019-11-01,919.4102172851562,924.3247379469159,913.8503934763692,914.0489715975832,1035
2019-11-04,927.650634765625,933.2105188155075,903.8227160883506,933.2105188155075,1617
2019-11-05,930.1328735351562,931.2746524119914,908.340300882653,923.3320114532537,1606
2019-11-06,933.5084228515625,934.3026747451171,919.3109657375918,923.2822858029003,1426
2019-11-07,960.2651977539062,981.9088798515518,943.1885094630679,958.0313302314937,4064
2019-11-08,933.756591796875,972.9733758223684,931.2745168585526,971.9805458470395,4256
2019-11-11,924.5233764648438,943.0893109568361,909.7798135164062,915.6871645726136,611
2019-11-13,908.439453125,928.2464238126422,893.5470030737705,924.3247331796448,1876
2019-11-14,923.1829223632812,927.3031909733212,894.9369582254709,895.5326319678113,4491
2019-11-15,909.03515625,928.2960831774012,893.5470319354664,913.4036326451435,3331
2019-11-18,905.4113159179688,925.8635893468631,899.503965394382,925.8635893468631,1540
2019-11-19,908.3402099609375,908.9855131157174,888.8310758198184,893.5470184170193,2497
2019-11-20,908.439453125,912.3115143773334,895.1851968184195,898.362204351321,3394
2019-11-21,890.76708984375,905.4113323720967,869.7190816835009,899.5536111217443,4665
2019-11-22,882.7250366210938,901.4895459014455,864.2584247876744,889.5259577697259,3098
2019-11-25,894.6390991210938,902.3832216887996,866.740600037037,900.496820427941,872
2019-11-26,906.1062622070312,908.4393883095794,881.4840314010536,882.725068816777,988
2019-11-27,899.8017578125,915.8359854989377,876.7184618278159,895.9793868024353,2408
2019-11-28,894.390869140625,907.3969783228929,883.6186880256181,883.6186880256181,436
2019-11-29,874.9810791015625,893.4973830991978,859.8900507712756,889.0792774179822,6054
2019-12-02,873.6904296875,882.6258999911222,867.7830788672647,882.5266412267631,920
2019-12-03,866.6412963867188,881.633004544808,864.7548952235674,871.7047049440782,464
2019-12-04,859.0958251953125,902.4328808671157,856.8123282129776,857.8051582572568,1453
2019-12-05,857.556884765625,922.2894107916076,847.5293263289415,862.7692420970513,12709
2019-12-06,854.3798828125,882.6259097025793,836.0125269862933,882.6259097025793,778
2019-12-09,843.9552001953125,854.3799160700324,836.161508280371,853.9828203952333,1058
2019-12-10,841.5723876953125,857.8051342254962,835.8636151006406,843.8062552323581,823
2019-12-11,844.6004638671875,846.8839606685929,824.0488714594749,838.9413209436823,1199
2019-12-12,832.8850708007812,846.8343195040106,824.0984893688668,833.9771595087445,688
2019-12-13,834.02685546875,861.7764669562613,826.0842152203052,826.0842152203052,1009
2019-12-16,844.203369140625,859.7908128557857,840.033470861771,858.7483534354564,856
2019-12-17,845.9407348632812,854.8265749101342,819.1343265908381,819.1343265908381,221
2019-12-18,848.7206420898438,858.6986313722252,827.0273323412725,845.9903597801937,1907
2019-12-19,852.890625,884.6115565723543,834.1758031768496,846.3876004241662,116465
2019-12-20,840.8277587890625,863.1167440111748,834.0268368694744,859.7907877203236,616
2019-12-23,847.97607421875,855.8194554157501,843.9054954795679,843.9054954795679,905
2019-12-24,844.0545043945312,846.8840458420927,827.0770739165479,843.9055556456962,1211
2019-12-26,840.6292114257812,851.7985494347521,827.2260058150163,841.9198783650883,5351
2019-12-27,837.7499389648438,853.8337970283734,829.0130471147579,849.8128476618745,12298
2019-12-30,848.7206420898438,858.7978901262915,833.9771418567454,848.4724346071483,2055
2019-12-31,851.8480834960938,856.8122331668169,839.0405531066159,848.7206449645261,2973
2020-01-01,847.97607421875,858.7979453997956,836.955685516795,848.8696454529771,1545
2020-01-02,848.0256958007812,859.7907060498654,839.5369515528663,857.805046220651,742
2020-01-03,840.778076171875,858.7483358490914,838.9909942596886,847.8768350367825,784
2020-01-06,842.3666381835938,848.7704038986142,820.226540972876,820.226540972876,1127
2020-01-07,850.607177734375,862.7693463100926,833.9772737634958,862.7693463100926,1231
2020-01-08,842.7140502929688,862.7195980447184,824.0488593335936,839.9341385496629,14897
2020-01-09,843.9054565429688,851.7488373780865,830.4029934772938,851.7488373780865,4214
2020-01-10,843.8558959960938,860.6843771216697,835.0693138733416,860.6843771216697,20879
2020-01-13,836.0621337890625,857.805135418903,829.1123236641408,829.1123236641408,4059
2020-01-14,823.8502807617188,848.5221413888545,814.1205593668408,836.9556482271302,3760
2020-01-15,819.233642578125,838.8420337339118,815.2126328757498,822.8574354711828,4990
2020-01-16,815.60986328125,830.9987286261793,809.2557268998133,823.3539253353202,5295
2020-01-17,816.2055053710938,819.0847365628734,812.2838754134556,818.0919065791609,7544
2020-01-20,811.688232421875,817.1984273321568,809.156527797966,815.1135083707118,5282
2020-01-21,813.4752197265625,815.1134134322788,809.1564335533584,815.0637840527944,559
2020-01-22,813.3759765625,816.1062590593531,811.1421090650748,816.1062590593531,1064
2020-01-23,816.2055053710938,819.0847365628734,811.1420966931729,813.3759641565262,1103
2020-01-24,821.56689453125,829.7577427244619,814.1206689010573,820.028020020518,472
2020-01-27,827.6727294921875,831.9915156266542,815.1134061211015,815.1134061211015,2278
2020-01-28,813.2767333984375,832.0411843781487,809.5536208313279,819.0847647641143,2790
2020-01-29,824.2970581054688,837.8988404099131,814.4183880779236,837.8988404099131,1347
2020-01-30,809.454345703125,824.0489598832149,805.1851885123943,818.3401869683613,860
2020-01-31,802.008056640625,818.7869077700151,794.5122023091055,800.2209747718076,1070
2020-02-03,826.233154296875,836.9557063873121,801.2138256874981,815.1134459596481,1886
2020-02-04,811.88671875,830.3037028185856,809.1564362962397,824.0488860440232,2154
2020-02-05,811.390380859375,819.0848139602134,795.2568920995526,814.0710341882071,1544
2020-02-06,780.0665283203125,797.9870973608218,773.3152965679017,786.3213450821411,75767
2020-02-07,782.101806640625,788.9523576531324,774.4073743950333,783.8888884620302,1007
2020-02-10,766.6137084960938,782.1018322521722,754.5507997609025,782.1018322521722,62813
2020-02-11,762.5927124023438,770.4360937816608,754.6004428788839,770.4360937816608,678
2020-02-12,763.0890502929688,769.4431860034931,732.1128053473675,756.5363970769829,5376
2020-02-13,766.6633911132812,783.3429241467072,743.6793507855507,766.8619692465143,2679
2020-02-14,750.8772583007812,777.2865705989784,745.615271830802,766.415070827612,1257
2020-02-17,749.5369262695312,754.5507050189016,743.629576393628,743.629576393628,190
2020-02-18,745.9132080078125,748.5938612751221,739.6583907824482,743.6297110014144,636
2020-02-19,743.0339965820312,750.1326947267878,737.6726903405425,739.6583503414593,451
2020-02-20,737.4244995117188,744.6225171777705,734.6942169487336,739.0626932885241,814
2020-02-24,731.6660766601562,742.636835981282,729.6307872906768,737.6726860081451,884
2020-02-25,727.6947631835938,742.5872132360684,723.7730725502686,731.715712578255,1207
2020-02-26,725.2623901367188,744.473628387977,697.7609841680838,724.8156044709252,52719
2020-02-27,714.5396728515625,728.8363866869352,696.9665719520691,728.8363866869352,10871
2020-02-28,710.0719604492188,725.7586608347599,688.0807538059804,718.1138584438073,6826
2020-03-02,714.837646484375,734.6942477756077,694.9810451931423,734.6942477756077,57427
2020-03-03,709.8734741210938,718.3621587900276,693.9881935813211,718.3621587900276,51123
2020-03-04,705.5546875,705.9021537726879,689.5204582210011,703.9164937058168,2759
2020-03-05,699.1012573242188,703.9164585065834,686.0455187983767,703.9164585065834,4220
2020-03-06,702.3775024414062,704.909206486041,670.4083685629566,678.2517487614597,4919
2020-03-09,668.621337890625,692.0024709517705,650.8992870321222,690.016811063817,15306
2020-03-11,645.8855590820312,678.053276053241,639.0846976662449,657.5016824659423,4562
2020-03-12,620.2705078125,645.3394639105643,551.5666635351307,552.5594934796085,6069
2020-03-13,595.5986938476562,644.2969893532612,496.4645898771647,512.6973954440526,11517
2020-03-16,582.3941040039062,594.605962535446,555.9848479646033,575.7421909080756,5017
2020-03-17,576.1392211914062,590.5848851785236,543.3262027044581,585.27326906218,1389
2020-03-18,573.9550170898438,585.7200893240738,553.1552764036458,579.0184866100627,3966
2020-03-19,574.9478149414062,603.6406254907528,503.9108422683743,570.9268656575615,1638
2020-03-20,583.7344970703125,611.0869555016919,531.7101731265208,531.7101731265208,3479
2020-03-23,545.9572143554688,604.633440227172,467.02720294330385,575.8413716449256,4473
2020-03-24,522.0299682617188,570.281539512834,496.4149680308338,517.4133454175502,11154
2020-03-25,526.9445190429688,564.920266293828,498.64886422860303,498.69849360877055,1380
2020-03-26,518.9522705078125,554.6445223232439,512.300297165421,528.582733950003,2549
2020-03-27,495.6207275390625,544.4679736302078,491.45082959270894,522.2781876931089,4263
2020-03-30,482.9621887207031,510.2650150266603,471.5446431745756,471.79285068644793,1778
2020-03-31,493.6350402832031,540.000208909637,477.551183722322,540.000208909637,3340
2020-04-01,487.9263000488281,518.2076140824923,476.5583847920936,517.2147841141755,1196
2020-04-03,475.8633728027344,491.4508148059858,466.6300665834612,483.0117604103274,2535
2020-04-07,482.3167724609375,536.1281672981464,476.5583709316857,536.1281672981464,4016
2020-04-08,479.78509521484375,486.4866976829249,476.5583977302121,483.1110817587559,2865
2020-04-09,461.6163024902344,484.5010209719653,459.13422758771407,479.7850786571767,16308
2020-04-13,454.9643859863281,473.5303206763637,448.7591979614191,470.0057556989536,7376
2020-04-15,441.3128967285156,477.5511885858628,437.04374021825174,466.3322226782995,27310
2020-04-16,454.4183044433594,495.4221714433087,447.8159606851111,468.6157613652138,141029
2020-04-17,463.5523376464844,496.41501789059544,451.73766628044183,496.41501789059544,474578
2020-04-20,502.570556640625,520.2429184691148,460.67311864440705,471.4949595528089,282427
2020-04-21,477.45196533203125,511.3074761213751,468.56615455733845,506.34332586776947,96593
2020-04-22,477.0548095703125,491.4508444064614,474.5727345985627,484.50103448556195,76200
2020-04-23,486.5860290527344,498.40070096404037,471.6935778287093,471.6935778287093,49795
2020-04-24,473.87774658203125,484.50103969484724,471.097834703289,484.40175063515636,23594
2020-04-27,462.609130859375,482.0189444107871,461.66593028015654,476.60800902240584,32398
2020-04-28,456.20538330078125,467.52363919887097,452.7304783137241,464.7933567090404,27263
2020-04-29,462.4602355957031,470.6014543087375,456.75146267951067,459.28319754334456,45628
2020-04-30,474.17559814453125,481.5721632170128,464.7933428399303,464.7933428399303,73845
2020-05-04,456.4535827636719,467.6229200254257,454.6665009212979,466.5308009889676,21077
2020-05-05,451.0923156738281,465.63726908550905,447.7663291206068,457.69462910110803,11822
2020-05-06,451.8369140625,457.1981897061414,446.8231046606218,457.1981897061414,6862
2020-05-07,450.6951904296875,452.2340648095325,446.1777957523298,451.8369388694532,5625
2020-05-08,442.405029296875,457.2974784632952,441.11433218985934,456.60248538268945,12181
2020-05-11,439.7740783691406,448.80880749477586,437.83804767149405,442.40507191557623,7877
2020-05-12,476.3598327636719,497.7553379317456,431.98034892901404,435.85237995772314,227553
2020-05-13,479.8844299316406,496.3157557971947,456.7018412766481,496.3157557971947,29052
2020-05-14,504.0101623535156,511.20821042239356,463.8005458446268,465.637287473305,206489
2020-05-15,487.6781311035156,506.541901992555,481.5225726939006,504.35766377010617,48008
2020-05-18,464.59478759765625,486.48667589335076,458.7370666489075,486.48667589335076,31441
2020-05-19,472.98419189453125,478.5440457891795,463.651596231425,463.651596231425,11103
2020-05-20,479.93402099609375,482.46575570202447,471.2467584045781,472.63671435946713,6723
2020-05-21,475.3173522949219,486.4370601756882,472.14028424362675,486.4370601756882,8648
2020-05-22,470.0057373046875,484.50106202333603,467.6229512561297,475.36701348863465,4550
2020-05-26,479.834716796875,484.1039038864193,466.5804608144239,470.00570606318286,11770
2020-05-27,474.6224060058594,490.2098503282084,470.60145631508004,480.5793864655439,10982
2020-05-28,475.0195007324219,484.50101461616225,471.59422529237105,484.50101461616225,4098
2020-05-29,482.515380859375,486.486700866448,464.9919373879186,464.9919373879186,11348
2020-06-01,512.00244140625,516.2715982724577,483.01179338375135,484.94782399677985,32042
2020-06-02,596.3930053710938,609.5976325228471,510.31463048329545,514.2363211833648,283834
2020-06-03,616.6963500976562,698.6544506717522,598.3289959506951,612.576081550001,371164
2020-06-04,610.2429809570312,658.2462869991796,598.3786503916117,618.7316652988261,107623
2020-06-05,605.2787475585938,645.3394081156881,578.4723413753267,598.378567921544,26469
2020-06-08,606.76806640625,631.4398671657738,581.0041163104041,618.5330774281085,17290
2020-06-09,600.8606567382812,614.3134895206007,595.6979292320976,606.7680066560049,10144
2020-06-10,603.49169921875,605.626307985911,585.7697077240779,600.6621579204527,10231
2020-06-11,599.5203247070312,610.5407732097918,585.769654513812,610.5407732097918,6191
2020-06-12,597.038330078125,605.626334303576,541.6880544430031,575.8414326165149,8128
2020-06-15,589.1949462890625,604.6334399010191,578.819861186033,596.690800296408,3908
2020-06-16,602.3995971679688,640.3257149517794,585.7696948151654,604.6334646481961,66342
2020-06-17,596.5418701171875,619.2280715519147,593.7123289090589,619.2280715519147,16649
2020-06-18,592.9677124023438,624.4404352512843,585.7696949642241,595.6979948788719,62216
2020-06-19,589.1949462890625,605.6262698515955,585.7696708400678,593.9605179323229,24991
2020-06-22,622.1072387695312,663.2104240180461,589.741005788502,599.6693055492511,170057
2020-06-23,648.7648315429688,681.4785949823986,633.0781283102833,645.3395556282035,302430
2020-06-24,625.7310180664062,657.1541073142253,623.4971508856852,653.282046628632,25503
2020-06-25,629.702392578125,637.44645402915,617.1927595108947,637.3968246514091,14329
2020-06-26,623.2490844726562,634.4184229040659,619.5756010468182,628.9082280640783,10753
2020-06-29,606.1227416992188,620.5187773333525,601.8039552479934,615.5546271146857,15941
2020-06-30,604.5343017578125,625.3837348796628,601.6550700876825,607.6120509796398,12574
2020-07-01,604.1370849609375,613.5689704286925,599.619720356415,612.9236066576733,15029
2020-07-02,595.2015380859375,613.5688916382142,592.7690926581572,610.5904018729801,19267
2020-07-03,580.16015625,605.5270099158305,577.8270301097035,594.4073023715328,19620
2020-07-06,580.2594604492188,590.7834333909666,573.855695328213,590.7338040143369,48435
2020-07-07,572.217529296875,580.3587471750251,560.9489333699604,577.8270428695876,31850
2020-07-08,573.9550170898438,585.6704599419957,571.4233126285023,572.4657720422857,12527
2020-07-09,580.5076293945312,590.7337648001378,578.8198065184544,580.8054662320683,30976
2020-07-10,568.8915405273438,585.7696490595686,565.9130507863629,575.7917205467885,12373
2020-07-13,565.7640991210938,579.7134078135757,557.47399362411,579.7134078135757,7663
2020-07-14,544.7162475585938,570.8772959240999,542.1348529924135,556.0344741105655,19305
2020-07-15,540.2981567382812,552.3610061885,526.1999570892131,549.779672147456,20743
2020-07-16,546.5528564453125,552.0134208602974,531.1639930939913,537.9152242511943,7928
2020-07-17,545.6592407226562,551.2191240312887,536.1280987614616,548.0420565117163,13391
2020-07-20,576.8837890625,593.5136895354345,546.0564334396403,551.0205828345461,28965
2020-07-21,567.3527221679688,585.7697067610333,565.9131065318456,576.8838660389648,8070
2020-07-22,560.6510620117188,567.8987082315315,552.5594740103174,557.027208603048,3934
2020-07-23,554.7437744140625,563.7785033690849,553.7013150111808,553.7013150111808,3764
2020-07-24,552.70849609375,562.8850040167533,550.4249991183395,554.7437855588433,3926
2020-07-27,540.9931030273438,557.9704721582698,518.6047375614702,555.9848121150019,25020
2020-07-28,537.9649047851562,546.0564934267662,534.0929041902865,544.0708334506689,3517
2020-07-29,538.6102905273438,544.0708556847638,532.4547322303812,538.9081274164231,3451
2020-07-30,534.4901123046875,545.2623563004386,528.1856647928886,538.6103818611693,19844
2020-07-31,527.14306640625,538.6102400424872,521.235716170149,533.4971416353299,4583
2020-08-03,521.2357177734375,531.1640171595982,517.2643980189732,531.1143877821735,7633
2020-08-04,529.2777099609375,542.6809165107394,521.2358102700729,526.1503314578417,10955
2020-08-05,529.4265747070312,545.0636465338212,526.1998773459476,537.0217481190562,7576
2020-08-06,555.9351196289062,579.5644593421065,528.185511554605,528.185511554605,38765
2020-08-07,549.5810546875,556.8287018357936,546.0565201767754,555.9848205436258,99285
2020-08-10,563.8281860351562,570.8772548561047,552.5098996998648,557.9208353653992,12996
2020-08-11,589.9395751953125,612.5760861961838,570.8772278165408,578.8198675079013,74018
2020-08-12,565.2677612304688,571.0262239628637,556.1337733050219,560.9489747787094,19145
2020-08-13,578.0752563476562,583.1386650109583,562.388554769794,570.8772389865219,12599
2020-08-14,559.8568725585938,590.5849132018476,551.1199199039165,578.0752791879327,18760
2020-08-17,567.3527221679688,586.7625367724926,561.9417864860081,565.9131065318456,7980
2020-08-18,573.3097534179688,575.8414580536968,563.7785480985558,563.7785480985558,5535
2020-08-19,582.1458740234375,584.7768978879243,575.940686227513,583.7344384577164,7108
2020-08-20,587.0107421875,593.7123447410148,576.6852858660337,582.0465921478594,7617
2020-08-21,584.92578125,595.7475911978889,580.9544615045295,594.705131884209,14603
2020-08-24,597.4353637695312,604.6333802004895,587.8049020803304,590.7833916379683,21764
2020-08-25,595.3505859375,605.6263530994336,590.7339017937098,597.5844536333585,9327
2020-08-26,587.45751953125,604.5838369266405,580.9048052127542,597.6340269690908,13918
2020-08-27,596.9886474609375,605.6262802994692,588.2021264857696,594.6555212758458,20090
2020-08-28,621.2633666992188,633.6737415833421,596.7404538086842,602.5981749930038,45940
2020-08-31,601.8038940429688,644.1480547431631,598.6764554842625,637.3968232519014,35076
2020-09-01,598.4282836914062,611.2358149559184,586.8617899293649,610.6897099768038,146352
2020-09-02,622.7030029296875,630.447064994363,599.6197048806813,599.6693342623548,114570
2020-09-03,622.9512329101562,634.418407977089,615.6538956148079,634.418407977089,6637
2020-09-04,614.1149291992188,623.4971839756835,601.6549259383187,601.6549259383187,9089
2020-09-07,594.953369140625,632.234122997306,583.0890386878176,632.234122997306,9238
2020-09-08,605.6262817382812,616.5474114089716,589.0956384977235,594.9533595601066,8231
2020-09-09,593.7123413085938,607.6119613392298,585.7697012910875,596.244045694667,79313
2020-09-10,615.640869140625,625.0388399721371,599.2317349170128,602.2152138667605,4714
2020-09-11,623.7957763671875,631.5030976375673,611.6132362946518,615.6409210767843,7871
2020-09-14,624.491943359375,636.475572864914,618.0774508367876,618.1271633511095,7211
2020-09-15,627.67431640625,636.4755556698819,622.0056938487573,631.503090391211,6041
2020-09-16,619.5692138671875,634.4866106697683,614.1989267386413,634.4866106697683,4535
2020-09-17,616.585693359375,626.4311988716645,607.635255875126,615.541487792687,9383
2020-09-18,626.8289794921875,631.5031091326626,610.7181793713571,610.7181793713571,10071
2020-09-21,597.441650390625,631.503034536907,589.7840423989534,631.503034536907,6048
2020-09-22,586.7509155273438,595.7013532218286,566.9604790121443,586.7509155273438,4907
2020-09-23,594.1102294921875,606.441908078847,578.844723287001,586.7509559347441,4696
2020-09-24,601.8671875,607.5855223617335,581.778416367668,594.5079148765891,8204
2020-09-25,611.2651977539062,621.5581768834804,591.176425337224,602.4638975498117,4021
2020-09-28,607.187744140625,621.3592706773479,600.2760050232572,621.3592706773479,3195
2020-09-29,610.4696044921875,617.5802548949929,598.9832205868482,617.5802548949929,1816
2020-09-30,599.7787475585938,621.3095468511384,596.6958433144187,621.3095468511384,3604
2020-10-01,599.878173828125,610.6186858034273,591.7730318134985,610.6186858034273,2612
2020-10-05,596.6460571289062,605.646206181118,595.9498999245237,603.7069327899926,1393
2020-10-06,597.5908813476562,602.6130589701946,586.7508831255524,597.9389296258278,1715
2020-10-07,601.2705078125,603.5081173017611,594.7068775902843,595.1046991124365,1314
2020-10-08,592.8670654296875,606.4418593578247,586.7509087956761,601.618592268527,3021
2020-10-09,593.7123413085938,601.2704640875136,587.7453831044874,600.4251692882135,1640
2020-10-12,597.6903076171875,605.5965393003504,597.6903076171875,605.5965393003504,756
2020-10-13,590.7289428710938,602.4142376164394,586.7509701918272,602.4142376164394,5288
2020-10-14,594.756591796875,596.9444887768485,587.2481809624807,591.1267283678447,1404
2020-10-15,596.3974609375,602.6627546630014,590.7785512389981,595.9499269501708,2441
2020-10-16,592.8670654296875,595.7013463874745,586.7509087956761,595.6516338739947,2011
2020-10-19,589.087890625,599.0328203946398,586.7508564087483,590.7785408256456,1454
2020-10-20,595.8505249023438,601.6682848648098,584.8613283302935,584.8613283302935,949
2020-10-21,594.8560791015625,602.5634007179966,587.7454290725901,602.5634007179966,2317
2020-10-22,566.5130004882812,633.2434610741116,558.0100361973122,593.6626491059499,27761
2020-10-23,593.215087890625,597.690306491644,573.3252274416518,581.7287056211504,8790
2020-10-26,595.8505249023438,602.6627778976443,591.7233545364659,602.6627778976443,7145
2020-10-27,594.1102294921875,596.7953124262126,591.7234216630046,596.6958873912652,859
2020-10-28,588.88916015625,603.1601129936282,581.7785096476051,590.7289482575683,1617
2020-10-29,594.458251953125,595.7013683311114,573.6236093182636,592.767601539255,1990
2020-10-30,594.756591796875,601.469420283745,592.2703590239602,601.469420283745,1417
2020-11-02,596.69580078125,606.6407307942708,578.7949267578125,594.7565272889037,5958
2020-11-03,595.80078125,606.5413550966967,582.2756996120686,590.7786033248364,3877
2020-11-04,599.0328979492188,605.5468763509009,593.7123841132478,595.6516578092051,1448
2020-11-05,606.6407470703125,607.6352400982967,592.8172697017184,600.6737889024078,4114
2020-11-06,604.0053100585938,610.56900039525,582.8226209200544,606.1932068374791,8844
2020-11-09,612.060791015625,614.5967362828088,599.7787648015516,611.0662979148437,3315
2020-11-10,607.8838500976562,615.5414583859329,603.7069673314112,603.7069673314112,2692
2020-11-11,608.4805297851562,614.5469736243627,603.1600164097142,612.2098786087943,1948
2020-11-12,607.7347412109375,611.5635762674757,603.6573435653202,603.7567686009519,1459
2020-11-13,611.7127075195312,619.3703168546798,601.6683510624047,609.62429620042,3710
2020-11-14,612.6574096679688,617.381251488579,601.8174722253588,617.381251488579,1195
2020-11-17,612.060791015625,621.2101396826208,606.6905039917896,621.2101396826208,5781
2020-11-18,629.0665893554688,655.3709436177179,608.629768579732,615.6409326956217,28531
2020-11-19,627.823486328125,650.2990669664244,622.1548634782465,643.4370402483017,4942
2020-11-20,613.2542114257812,632.4479166490163,607.7844992238776,631.5031360379697,4958
2020-11-23,619.7681274414062,626.5306685494328,608.7789905534828,626.5306685494328,2073
2020-11-24,644.5807495117188,656.3654688778628,610.6684972002695,619.718421145133,11917
2020-11-25,649.1553344726562,667.8020790477038,636.7241714226245,644.58069074986,7584
2020-11-26,635.3318481445312,657.8074270493348,626.5306091057558,657.8074270493348,3165
2020-11-27,645.2767944335938,655.0725874444098,630.5583093599384,653.3819371111637,2988
2020-12-01,661.337890625,671.2828213110902,657.3599183505639,665.3158628994361,6613
2020-12-02,660.3930053710938,674.2661936185378,645.4756117069668,665.9124288870147,7954
2020-12-03,667.6528930664062,676.2552823345424,649.0559213614379,654.4261474782003,11954
2020-12-04,687.1449584960938,689.1836570300405,661.3378527055945,675.2607548678176,8653
2020-12-07,686.8466186523438,696.1451039758351,676.3049563727167,691.1726389474363,9314
2020-12-08,685.9019165039062,696.1451834926321,676.2553211071283,695.1009778572018,7445
2020-12-09,678.3934936523438,693.0622669034582,673.3712549291694,685.2554596351349,4236
2020-12-10,676.4542236328125,685.205750836048,667.4042999381941,674.3160391727929,2307
2020-12-11,672.426513671875,689.1836976245442,666.2606444970422,689.1836976245442,2561
2020-12-14,671.0341796875,685.106280502985,670.2883099064468,685.106280502985,1570
2020-12-15,663.326904296875,676.3050272411358,656.3654525276424,668.2993698463268,3904
2020-12-16,706.0403442382812,723.9909314285355,658.7024392254542,658.7024392254542,28337
2020-12-17,713.5487060546875,734.9303049120754,708.0789947190767,719.0184173902984,11004
2020-12-18,689.084228515625,734.3336603134869,684.0619902733367,725.8804697578423,10937
2020-12-21,656.5643310546875,693.211376075304,635.4810660203091,685.4543423388076,8944
2020-12-22,657.3102416992188,666.3103923213629,628.3207428880079,656.3654610926858,4114
2020-12-23,667.255126953125,678.2442630638384,656.3654158682307,666.7578804259521,3050
2020-12-24,677.5481567382812,702.112149167667,671.4320604135414,686.1008340682483,10391
2020-12-28,668.9457397460938,684.1614704839157,664.3213230232785,684.1614704839157,3577
2020-12-29,664.0728149414062,687.1947811673706,658.3544792081033,676.2553562862691,6286
2020-12-30,648.0115966796875,672.0783387569023,646.2712339776023,669.2440580645484,10258
2020-12-31,665.3655395507812,669.194374077981,648.0116242990978,648.0116242990978,5794
2021-01-01,671.9292602539062,685.2057183249999,657.3599126456095,660.3931043387352,7150
2021-01-04,670.885009765625,680.2332690289728,662.6307293134149,678.4431936187046,5916
2021-01-05,665.26611328125,674.2662629103792,657.3598816869626,674.2662629103792,4850
2021-01-06,662.7799072265625,671.4320089263595,656.5146131332747,659.3488940543452,3583
2021-01-07,654.4758911132812,676.2553144919781,650.0504453350309,669.2441502094799,6302
2021-01-08,662.5313110351562,665.8131261039259,655.370948622087,657.4096473239711,2441
2021-01-11,661.0892333984375,672.4761905888836,656.3653915652031,672.4761905888836,2642
2021-01-12,656.8626708984375,663.177677595665,646.4204936926335,646.4204936926335,2865
2021-01-13,654.177490234375,671.2827821565415,648.409442912689,648.409442912689,3721
2021-01-14,660.840576171875,665.1168837875823,650.3486875161764,654.2271736657108,3341
2021-01-15,718.2726440429688,739.8531565299318,707.1343091433386,714.0460483528578,106972
2021-01-18,681.5260620117188,721.0074474826449,674.2662750251493,711.0625171725394,20209
2021-01-19,679.7359008789062,700.7196769044076,668.2992324661668,688.8852477489038,25038
2021-01-20,685.30517578125,696.1451749275966,681.2277783220053,682.1725589135011,7664
2021-01-21,673.5204467773438,690.8246508634213,672.0287071388557,688.6864664353053,9194
2021-01-22,662.6307983398438,682.5703745988292,656.4649284408059,674.6642023216369,6729
2021-01-25,651.442626953125,680.2332114183124,644.4811759590779,665.9124879509442,4402
2021-01-27,662.730224609375,671.2828409702685,625.4367334443601,654.4758833389518,7517
2021-01-28,669.940185546875,680.23316307698,656.2161345746933,666.0616388462095,6237
2021-01-29,683.664306640625,690.1782244287825,671.2828551720868,671.2828551720868,6937
2021-02-01,699.7252807617188,708.0790466023733,671.3822290367642,681.22773444189,14957
2021-02-02,703.2059936523438,717.2283817233579,697.1396104798515,704.6480206783077,6365
2021-02-03,711.708984375,721.0074702286782,699.2280478828444,701.6645680254941,10069
2021-02-04,736.1734619140625,756.2622331631763,711.708957773433,711.708957773433,20234
2021-02-05,702.758544921875,737.7149395511678,687.1449917446604,716.0350029893535,42093
2021-02-08,677.6973266601562,710.5653110643315,671.0342108336706,707.0845852578582,20227
2021-02-09,657.857177734375,690.1782030954743,654.3764519262567,690.1782030954743,17987
2021-02-10,662.5809936523438,675.2607800224262,642.492221930131,660.2439592676695,12676
2021-02-11,660.7412109375,672.7248401270533,651.4923769539486,651.4923769539486,6789
2021-02-12,660.840576171875,670.2882593526617,651.3928929910882,651.3928929910882,3798
2021-02-15,667.3545532226562,673.1226008088038,652.5863556177139,664.1224507900089,6192
2021-02-16,651.740966796875,676.0563329182495,642.4424814761763,674.6640791301376,14488
2021-02-17,664.1224365234375,673.3214970956673,646.4204726431706,656.365402991527,15208
2021-02-18,665.1666259765625,674.1668362832961,661.3378521646972,670.7855357670501,9029
2021-02-19,645.525390625,665.0174901042438,631.6024884394129,661.039518051219,17895
2021-02-22,614.1492309570312,660.3434497875505,604.6518335404078,660.3434497875505,13215
2021-02-23,608.4805297851562,627.1770471135575,598.03835307897,614.5966861355373,24737
2021-02-24,627.823486328125,655.1720467714454,612.6077539303769,626.4312323977085,4149
2021-02-25,642.1442260742188,655.1720617954388,628.5196580556716,631.652335694269,8856
2021-02-26,628.7682495117188,641.4480362753003,616.5857092878856,641.4480362753003,14106
2021-03-01,686.6974487304688,723.0958699592315,628.7682287615335,628.7682287615335,25131
2021-03-02,673.619873046875,706.0900968506813,663.3766063168775,706.0900968506813,24432
2021-03-03,667.5037231445312,686.4488029216488,661.88481333575,680.0840233523587,8941
2021-03-04,662.1334838867188,671.0342091377275,659.3489153883859,661.3379015584866,3544
2021-03-05,658.1554565429688,668.2992973025467,656.3653812792869,666.3103112986701,2790
2021-03-08,658.3543701171875,666.3600266774458,654.426110602814,658.3543701171875,3427
2021-03-09,646.47021484375,664.2219527502239,639.2104274958572,659.448337404558,21931
2021-03-10,648.3101196289062,657.3599831659446,644.3321469622439,649.5034628696683,8219
2021-03-12,654.3267822265625,662.2330149335722,646.4205495195529,657.3599742037298,6377
2021-03-15,648.2106323242188,660.293748549584,646.4205567683616,660.293748549584,2903
2021-03-16,645.82373046875,657.8073580880739,632.4975009798144,654.7243935978416,6307
2021-03-17,640.1552124023438,653.3819583229546,633.5418090925178,653.3819583229546,3595
2021-03-18,634.9838256835938,660.3433989881069,631.5030999359154,654.5256388037463,5896
2021-03-19,626.5305786132812,644.4314522879464,616.4364505671201,644.4314522879464,6712
2021-03-22,629.016845703125,633.6412626033244,621.5581479279891,627.4256811240446,2613
2021-03-23,627.326171875,637.8678340879486,622.6520426380629,631.5030546122424,2929
2021-03-24,615.2929077148438,634.5860378933744,607.7347235560122,633.4921197370251,5334
2021-03-25,606.8396606445312,628.2212608458613,601.7677097587467,614.6464066709832,3363
2021-03-26,604.0053100585938,616.0387119929451,601.668275746466,611.7126309462551,5008
2021-03-30,596.69580078125,612.0110172809163,595.7013077799479,606.6407307942708,16149
2021-03-31,586.1542358398438,601.4196800832166,572.7285794841208,600.2759887807058,8962
2021-04-01,590.67919921875,607.6352947305887,585.8558711799408,586.7509392652166,5597
2021-04-05,591.5244140625,600.6737616445753,588.0934011318425,591.6736122895421,3552
2021-04-06,585.5078125,596.8947706323773,581.7784633757962,595.6516542576427,4207
2021-04-07,574.6677856445312,595.7013379675763,570.8887241878836,595.7013379675763,15781
2021-04-08,566.6124267578125,585.7564183595464,561.8885846742678,585.7564183595464,23340
2021-04-09,566.811279296875,572.8279496139509,563.8775129012329,570.8389636777913,7257
2021-04-12,552.8386840820312,576.4081196698027,541.9986860808009,576.4081196698027,6562
2021-04-13,556.1205444335938,564.8720714285948,554.9271405935843,554.9271405935843,3653
2021-04-15,542.9932250976562,556.120545976089,537.1256916091091,556.120545976089,4392
2021-04-16,537.6727294921875,550.9491883617201,535.0372984451361,541.9987502836416,8504
2021-04-19,555.1757202148438,559.8995619900709,532.0537578413639,532.0537578413639,11737
2021-04-20,557.5625610351562,580.7839498175967,552.9381440044242,580.7342373041668,3059
2021-04-22,543.6893920898438,566.861069272947,536.0317830493306,566.861069272947,8608
2021-04-23,550.7005004882812,552.9381097453443,543.7887619766573,547.915932219299,2107
2021-04-26,550.4022827148438,551.9934475813442,546.9712689787129,549.0099679323694,2443
2021-04-27,541.0042114257812,561.8885651756735,537.622910824755,551.893922306604,18284
2021-04-28,538.8660278320312,545.9269648143269,536.6284184987264,541.0539246532924,10181
2021-04-29,540.90478515625,544.4849357969435,537.1256630700274,537.1256630700274,3991
2021-04-30,541.8992919921875,546.971182312194,536.9268266984403,541.053936472827,5021
2021-05-03,533.943359375,541.9987290500729,519.1751007053122,541.9987290500729,7461
2021-05-04,554.3801879882812,563.8775849064206,532.0040933491375,534.5400386017656,8780
2021-05-05,550.8497924804688,566.8113957579255,548.2640738127612,564.7726968942834,8004
2021-05-06,550.8994750976562,561.4907903895783,547.9657082584603,556.8664338082747,8092
2021-05-07,543.7391357421875,561.838923411046,541.0042795496113,558.805731409998,6609
2021-05-10,546.473876953125,560.894024752616,531.9543041380782,560.894024752616,39396
2021-05-11,542.9932250976562,550.9491697877318,539.3135885386881,544.8827862411655,2997
2021-05-12,566.1649169921875,591.7234021316311,539.0152671518388,542.0484590061504,23396
2021-05-14,560.4465942382812,578.5960939568513,558.9051420184306,576.8060184531847,9863
2021-05-17,559.4520263671875,584.2646389171796,556.9160813508435,584.2646389171796,8339
2021-05-18,559.6012573242188,573.9219209770459,549.3082177278649,549.3082177278649,14013
2021-05-19,558.2586669921875,566.8610564263439,555.5735842315057,566.8610564263439,7642
2021-05-20,559.253173828125,599.3810070709652,548.9601944615871,559.9493311420695,24629
2021-05-21,547.8662719726562,568.8500520610249,543.9877246108053,559.2531693856236,36630
2021-05-24,549.556884765625,557.8112263850766,541.9987611828759,557.8112263850766,30922
2021-05-25,563.9273071289062,566.8610739496825,556.8664303119571,557.9106359399506,21254
2021-05-26,563.3306274414062,572.828024386478,559.8996141138664,569.2975860287654,22436
2021-05-27,577.1539916992188,603.9058778377641,567.8555063735913,567.8555063735913,71483
2021-05-28,580.5851440429688,595.7014535003161,566.8611494076464,588.7400007882924,28189
2021-05-31,569.5958862304688,583.7674119900221,553.733710170319,572.8279885966826,42658
2021-06-01,569.4466552734375,582.7728854664479,563.9272313819495,569.595853499843,12649
2021-06-02,576.06005859375,581.0822360023219,571.9328884476467,576.8059283286577,11482
2021-06-03,618.3757934570312,664.2716740060176,567.855556442257,577.8004873781985,313429
2021-06-04,620.2156372070312,629.5141232791689,617.5802062501799,624.0444113075489,29049
2021-06-07,618.2763671875,634.6855031988993,616.5857167919719,626.4809351931997,12707
2021-06-08,607.0385131835938,634.685404699637,603.6572129172944,621.5580857879884,25470
2021-06-09,600.7234497070312,625.3371500310263,598.3864155720426,611.4639613449682,26766
2021-06-10,614.3480834960938,621.5581581304065,608.6794609541366,614.3977960089364,18987
2021-06-11,627.475341796875,634.6854157171757,616.6353443129476,618.5746177140765,39897
2021-06-14,691.37158203125,721.007462847088,605.6959813043563,634.4865673054375,540260
2021-06-15,671.6806640625,698.6811153097988,666.5590003175563,692.1671976441913,49185
2021-06-16,672.9735107421875,691.1727228146199,667.3048877821726,679.6366268285544,36070
2021-06-17,660.7412109375,681.2277436192817,656.3654172098189,656.3654172098189,42378
2021-06-18,650.6470336914062,677.896165686946,633.193693991268,677.896165686946,47321
2021-06-21,639.5087280273438,661.2384370579973,627.5250992076392,646.4204666956664,20464
2021-06-22,643.287841796875,664.2716827679182,637.967327955584,641.4480538290751,19401
2021-06-23,670.4871826171875,675.4596475421162,641.5474003346818,656.166459353779,34578
2021-06-24,659.6969604492188,686.1505128010875,652.3377480754067,673.3712403015162,29255
2021-06-25,673.321533203125,680.9791421218131,655.1720343440917,659.0008691529562,15653
2021-06-28,673.619873046875,678.2442902143164,659.4981196690944,667.3545786935011,31098
2021-06-29,669.094970703125,680.9294633178064,662.1335187413227,670.238662090753,29865
2021-06-30,670.9844970703125,715.0405286275865,666.3103674276537,682.7195033419167,102603
2021-07-01,661.5368041992188,681.277467415663,654.9234009851543,671.2828241733347,39972
2021-07-02,675.5093383789062,685.0067339410041,658.3543349382936,662.3323067506095,119737
2021-07-05,684.7581787109375,695.1506432425691,675.3104947183704,679.2387544129824,60033
2021-07-06,692.3163452148438,697.0898996059407,672.277286435703,694.8522902945792,79515
2021-07-07,692.415771484375,696.1451203433572,678.4928690775079,678.4928690775079,37998
2021-07-08,721.7532958984375,759.7926532089648,706.0900311235144,711.0624961314265,496501
2021-07-09,773.1686401367188,793.6054603402597,725.9302198783699,725.9799323914657,863785
2021-07-12,783.0140991210938,822.396061350727,772.7211200639507,779.334523299069,553565
2021-07-13,767.9475708007812,801.5614248649888,760.787208463668,801.5614248649888,313775
2021-07-14,791.1192016601562,795.5944202741987,773.3675254374031,775.7045597673437,177875
2021-07-15,766.8038330078125,793.6054321092026,756.5605670138796,793.6054321092026,126220
2021-07-16,760.041259765625,775.5553259699416,751.5383569286623,774.5608329902025,73335
2021-07-19,760.2401733398438,774.9586573551294,739.2563349695814,765.7595972581965,82581
2021-07-20,758.002685546875,773.0692202401708,733.8862268350915,750.8423227792376,63281
2021-07-22,766.5054931640625,793.108181379617,758.8478847902451,758.8478847902451,71015
2021-07-23,751.4886474609375,784.6549641898555,745.9691628418192,768.7430764496303,22700
2021-07-26,721.3057250976562,790.6218959103583,711.0624598439072,756.8091355821166,178152
2021-07-27,721.0074462890625,745.7703469998467,711.0625159954202,721.0074462890625,102087
2021-07-28,745.5386352539062,761.3122036741835,724.4905676794845,735.1389988855964,141473
2021-07-29,724.7891235351562,757.9783919926742,721.1069477153677,751.5594729034511,69504
2021-07-30,725.5355224609375,735.6863643917351,722.0026477730183,729.2674451751329,15199
2021-08-02,718.6688232421875,740.6125167185328,715.4842370351126,725.5355246121088,29877
2021-08-03,726.7794799804688,743.3492407467046,717.5243240103516,731.357341515799,26168
2021-08-04,748.2255859375,753.3507839955319,704.7860428293424,721.4552972968789,104704
2021-08-05,749.81787109375,756.7841263364588,740.3636675500737,755.1420561614502,42209
2021-08-06,750.4149780273438,753.3507692631464,737.0298035983269,751.3604105596771,39819
2021-08-09,715.9320068359375,755.291335679468,707.5724764882303,746.3844688694413,27480
2021-08-10,692.7443237304688,731.4568248810906,678.6625723218722,731.4568248810906,28776
2021-08-11,669.1088256835938,701.2033603929771,663.9836883683578,682.7925420325556,43657
2021-08-12,709.5628662109375,711.553224881936,676.7219481394635,676.7219481394635,37471
2021-08-13,689.1617431640625,716.5291770081228,686.6737946327843,716.5291770081228,21020
2021-08-16,689.8583984375,696.6256064664159,682.6930943370876,687.1714018072288,12550
2021-08-17,670.15380859375,691.6496585783758,666.7701744568515,683.688223659488,14770
2021-08-18,654.2806396484375,682.6929963726114,647.9114678640436,682.6929963726114,20175
2021-08-20,630.8441772460938,651.7429423698424,610.9903382303479,637.1635414514293,39225
2021-08-23,691.5501098632812,720.5098027780174,611.6371646364615,636.9147427871976,149718
2021-08-24,673.7364501953125,686.5742886829984,649.8023979015527,672.741270800637,48330
2021-08-25,673.33837890625,694.6352430319698,668.7605778187445,674.7316544064118,21952
2021-08-26,675.6770629882812,684.5341231671518,671.7460922263264,680.7027067893441,7254
2021-08-27,660.8985595703125,674.6320827261608,657.8135279865639,668.2629108063203,13060
2021-08-30,659.50537109375,695.431321533964,650.7975517323894,695.431321533964,22679
2021-08-31,642.6370849609375,666.7701849381775,540.7804996626487,661.6449868322064,139012
2021-09-01,653.4845581054688,661.7942815549376,644.8762322520294,644.8762322520294,20924
2021-09-02,661.6449584960938,666.7204095638602,652.3898028019538,654.3304146590137,12099
2021-09-03,665.128173828125,679.1602407859727,652.3898887727605,661.7943469032567,18705
2021-09-06,657.8135375976562,670.9499169111804,652.8376409441188,668.7605102354387,7749
2021-09-07,649.4540405273438,666.6208848702936,646.8665984299954,660.6996161389469,8213
2021-09-08,655.474853515625,659.853605879338,644.9756635757934,646.866528493914,6390
2021-09-09,649.3048095703125,655.4749339784681,647.6627392692712,655.4749339784681,6773
2021-09-13,658.659423828125,666.7701597694524,634.9244207953891,634.9244207953891,9037
2021-09-14,692.8438720703125,707.1246713733134,658.2116430158405,658.6594251283059,62440
2021-09-15,686.7235107421875,705.084582230026,681.6978670819587,704.5869925460245,25324
2021-09-16,688.962646484375,701.1535934268117,681.6978494342104,681.6978494342104,9754
2021-09-17,678.4137573242188,690.4554028483415,664.7797884371284,690.107114381309,11039
2021-09-20,667.765380859375,685.4795621229576,664.7798426439083,683.6882513418637,9608
2021-09-21,652.9371337890625,671.6963005947069,646.5182757065235,667.7653300949938,16039
2021-09-22,665.3272094726562,675.5277988401136,657.9131104183665,665.7750523735606,6201
2021-09-23,691.7490844726562,699.6110249814769,670.502031410057,673.7363640291037,22883
2021-09-24,679.7075805664062,696.1280418831643,676.6722953196773,687.6690163563495,7986
2021-09-27,687.3206176757812,696.6255199675493,671.1987006369187,673.1890592653974,13149
2021-09-28,681.1505126953125,706.5773327320627,677.667384998746,685.6288197337552,14893
2021-09-29,675.8262939453125,686.6737735042882,672.8407557996417,677.7171590672757,9085
2021-09-30,671.2982177734375,678.3142200362631,666.6706702447738,675.8262716635642,13234
2021-10-01,661.4459838867188,672.6914984719583,658.808734294456,661.8937660045999,14361
2021-10-04,672.4426879882812,683.6882023118928,660.4507891643292,661.89375060558,20309
2021-10-05,668.8102416992188,693.440929568757,664.8792712849863,680.7523933935404,20801
2021-10-06,666.9691772460938,683.9867189347649,662.8889056823191,668.8599814665439,15860
2021-10-07,668.9595336914062,676.7219200377724,666.7701270960405,666.9691751030598,8313
2021-10-08,684.7828979492188,693.1921757462566,661.7942788741714,676.7219693750925,37704
2021-10-11,693.3414306640625,699.5613012909093,684.8824066115507,687.6688965041933,26307
2021-10-12,698.2677001953125,704.5373187150701,688.9129888705769,701.502033476395,16934
2021-10-13,707.3734130859375,716.5788213349747,688.6143081396739,698.5163540260119,22068
2021-10-14,707.8212890625,735.1887202740554,702.099007990993,707.572494233304,29056
2021-10-18,749.1710205078125,754.3459654001682,707.821329671332,707.821329671332,54284
2021-10-19,756.435791015625,780.6684443564407,744.0956036608535,755.1420700235583,57764
2021-10-20,739.0700073242188,770.219110464219,731.4568606011812,757.4310187016674,18756
2021-10-21,728.4215698242188,756.1870384813226,704.5870111819539,756.1372916597924,17681
2021-10-22,754.843505859375,779.2253989293218,724.1919952910554,724.1919952910554,56640
2021-10-25,717.126220703125,759.7696926156643,708.5677025251752,749.5691042015028,15117
2021-10-26,719.8629150390625,758.7247149016549,709.9111221402524,709.9609296974852,25511
2021-10-27,693.291748046875,726.6302576939601,687.8182613883984,719.9127967949206,26007
2021-10-28,680.8021850585938,702.1487947665865,674.9306631999872,691.9979530095416,12106
2021-10-29,678.5630493164062,696.5260860718117,670.0045307762748,691.6496827174319,14808
2021-11-01,683.3399658203125,691.6496895931529,670.8504156385117,670.8504156385117,4549
2021-11-02,680.9017333984375,698.0685774375588,676.5726667179283,692.5950909323318,5155
2021-11-03,693.192138671875,707.622238717659,679.0108334544665,679.0108334544665,18546
2021-11-04,699.7603759765625,710.5580475000456,692.6448194118092,705.5821508088688,2368
2021-11-08,721.5548095703125,726.7795014040096,701.8005228383248,710.2595477119297,36381
2021-11-09,719.9127197265625,726.4808787172257,711.5531894285156,721.1068862769207,13635
2021-11-10,715.2354125976562,724.3910747863803,712.5484161984431,721.5050303685352,6705
2021-11-11,708.1696166992188,721.405550937326,701.8502519844575,711.6029976802246,5301
2021-11-12,726.7794799804688,782.2109829017148,716.6286382831769,725.4857589508271,151014
2021-11-15,734.641357421875,745.5385826975953,717.6237552713064,726.7794168051832,25502
2021-11-16,740.1148681640625,752.3555615812874,726.5306462280304,726.5306462280304,16644
2021-11-17,725.7344970703125,754.3459016514184,719.0170368643137,741.4085708843096,15076
2021-11-18,714.538818359375,728.2722821072325,698.6159477552663,724.9882021933213,14272
2021-11-22,693.0926513671875,716.479365448093,683.6881946205107,701.7009160630506,24069
2021-11-23,738.0747680664062,747.3796704258034,685.678552494512,703.4922866452389,50140
2021-11-24,745.1902465820312,748.3748324854733,717.0764313989001,726.4808879180792,40865
2021-11-25,747.7777709960938,752.3058247881319,728.4712677458047,745.1902682999822,121750
2021-11-26,735.188720703125,751.3106377926171,711.5532119157149,736.5819960438055,55683
2021-11-29,746.1357421875,749.3700751813104,702.4473429901198,720.758667928372,117375
2021-11-30,757.3812255859375,766.2880928392019,745.3395798519779,746.0859643579901,49395
2021-12-01,757.6798095703125,768.2784944441853,746.2850540679971,754.3459828869073,51440
2021-12-02,757.580322265625,769.0248854262879,747.6782750349522,769.0248854262879,26169
2021-12-03,797.437255859375,843.9121468493847,752.1068454969605,756.2866112026555,236784
2021-12-06,786.490234375,803.3585366390504,781.2157959264845,796.1434862945065,41403
2021-12-07,787.2366333007812,856.8494428058411,781.315303864913,856.8494428058411,195539
2021-12-08,787.783935546875,813.0615148963258,784.201314245171,800.9700617064543,54347
2021-12-09,805.10009765625,829.432245017903,783.3056454999632,791.1675866955732,82679
2021-12-10,816.6441040039062,820.7243755520811,795.2477491922368,808.8817176622761,57406
2021-12-13,820.1770629882812,837.9409895996956,815.4001536472291,821.3712295826189,56359
2021-12-14,817.5398559570312,823.8094738667022,816.0470868956368,823.8094738667022,13318
2021-12-15,816.1466064453125,825.7998588302921,816.0471128010993,825.7998588302921,9320
2021-12-16,817.1417236328125,821.5205369815375,815.499714182735,821.5205369815375,15093
2021-12-17,817.3408203125,822.0181755905595,814.6040769918293,816.0968460758315,14342
2021-12-20,837.2941284179688,850.6295561093266,767.283284890659,796.1434862678692,90030
2021-12-21,844.0115966796875,904.6180444136746,814.50456489887,837.4434371552335,246346
2021-12-22,825.600830078125,863.8157444516202,818.2365387474053,861.8253855934367,56569
2021-12-23,816.9427490234375,868.7915686280049,815.99731649702,837.8912620981839,148492
2021-12-24,818.3359985351562,827.8399495415683,816.0470980911354,825.0037125823795,17961
2021-12-27,819.2814331054688,829.7805635254731,812.3151773730201,816.1465937294951,21099
2021-12-28,820.7244262695312,829.4819924459097,816.0470711525445,825.799816683987,19716
2021-12-29,817.042236328125,823.6602032208195,816.0470569903318,820.7244120261447,14378
2021-12-30,826.7452392578125,831.6216423352404,816.0470613197788,828.7853447629266,19930
2021-12-31,840.5782470703125,843.9120735361427,818.0374109041383,818.0374109041383,20352
2022-01-03,827.1930541992188,854.6599788448707,825.9988268796416,827.9891854986287,10255
2022-01-04,838.0903930664062,843.7628673044967,821.5703778513393,843.7628673044967,17552
2022-01-05,848.4898681640625,865.2089294161218,831.0244831592091,840.9265295907409,47138
2022-01-06,834.010009765625,848.4898565982239,821.7693163836627,848.4898565982239,15934
2022-01-07,846.1015625,850.8784116099748,828.0887783944578,828.0887783944578,80428
2022-01-10,846.6986083984375,861.7258535527435,832.3182541405916,847.3952461159495,46001
2022-01-11,851.82373046875,860.730597315187,837.4433774948952,837.4433774948952,37635
2022-01-12,873.2201538085938,884.5154154063994,861.0789532983852,862.8205172027737,56568
2022-01-13,864.7113647460938,903.6228531802834,850.8783474329762,893.6710596430556,29405
2022-01-14,875.3099975585938,880.484942400174,860.1335122558498,863.6663868502702,13360
2022-01-17,870.6326293945312,889.9391330663418,855.8542403545474,875.3099844841892,23727
2022-01-18,874.464111328125,883.6695203612585,861.3774785143804,883.6695203612585,16897
2022-01-19,874.0162353515625,883.6694868768158,870.7819025705861,883.6694868768158,7650
2022-01-20,870.7322387695312,886.6551093632127,866.4529794456656,874.0163186812919,26984
2022-01-21,871.7273559570312,875.7578201401728,859.8846975019469,873.717714639168,13497
2022-01-24,847.6937255859375,879.7385115719234,845.9024149730031,875.7577943249916,22556
2022-01-25,847.59423828125,876.2056437072516,845.902421290484,860.4320150539269,7434
2022-01-27,843.1657104492188,860.8301440408076,831.1240645225912,850.8783504680814,17550
2022-01-28,822.9138793945312,864.8606551308741,816.0471171610718,864.8606551308741,8630
2022-01-31,817.3408203125,822.2669704378933,808.3842058084866,820.7244545326103,19730
2022-02-01,838.9859008789062,843.4144609340606,816.0470300482946,816.0470300482946,15571
2022-02-02,841.6232299804688,846.4995725915784,838.9859802764397,843.7130824222401,26604
2022-02-03,838.6376342773438,854.3614555569985,823.0630534527648,839.6825604265783,19675
2022-02-04,837.8416137695312,850.4305975255118,825.9989538694866,830.0294185443979,14903
2022-02-07,777.2350463867188,826.148134101664,758.3266393683479,826.148134101664,52170
2022-02-08,775.1949462890625,796.1434589032697,756.3362859581063,768.8755211394625,19001
2022-02-09,789.5255126953125,795.1483003168274,770.865899890631,775.1949665058734,6086
2022-02-10,777.3843383789062,801.3681353324746,766.2383180149825,801.3681353324746,12371
2022-02-11,749.220703125,783.1066064945171,741.657364828021,783.1066064945171,19049
2022-02-14,729.0684204101562,758.2769728963978,721.5050810977798,741.5579707515597,10118
2022-02-15,746.5835571289062,756.2865557473574,721.1567370000223,740.313939400554,7429
2022-02-16,751.4599609375,758.1276752457538,732.3525645342312,745.8372336202111,5216
2022-02-17,758.575439453125,765.0938518748552,741.5080897561368,749.8178735531795,6162
2022-02-18,746.63330078125,765.0938654134609,737.4776386934612,765.0938654134609,3042
2022-02-21,725.6350708007812,752.6541545819589,711.5532582467982,746.3845366225156,5758
2022-02-22,741.6574096679688,807.0904518493427,679.0108575149545,679.0108575149545,82385
2022-02-23,758.37646484375,781.2158446803621,740.264187252019,750.96236601675,10552
2022-02-24,717.4248657226562,748.2754276372281,707.6720588472402,726.4809741173354,22574
2022-02-25,721.8533325195312,751.3604251685482,712.1503336514606,728.6206008356463,21461
2022-02-28,721.2562255859375,736.4327104982322,693.6399989422538,721.8533088926736,17070
2022-03-02,707.1744384765625,722.649526326439,699.9593880190565,710.7073738450497,13178
2022-03-03,699.7603759765625,725.1871959202906,696.675283583477,706.8758718003895,9200
2022-03-04,703.0444946289062,712.0508559911606,686.7732751019508,698.6159341800065,13103
2022-03-07,710.8566284179688,717.5243425006265,692.8439056973347,703.6415778172343,41892
2022-03-08,713.1455078125,729.2176788344618,705.432867742944,710.2595241019972,18492
2022-03-09,710.7571411132812,733.496966154423,698.317398587289,725.2369892653502,42094
2022-03-10,719.6141967773438,735.2385254389543,708.6174766023869,726.4312120828545,30020
2022-03-11,714.7379150390625,721.5051233582354,710.3093542026767,721.5051233582354,12294
2022-03-14,704.3381958007812,724.4408311283039,697.7202287250738,718.5195017565017,31520
2022-03-15,700.158447265625,711.5035166011802,696.6255725814336,706.925654965373,10647
2022-03-16,710.209716796875,721.7537721375911,696.6254953413495,700.9545009088874,21283
2022-03-17,700.6062622070312,714.4890262838929,691.6496480594982,713.8421354102002,27748
2022-03-21,694.6849365234375,711.3044438980625,691.6496516392493,701.6014451880154,7567
2022-03-22,696.2274169921875,698.7153652529385,689.0621745939641,694.6849012187067,4125
2022-03-23,686.7235107421875,706.6768449224592,676.9210182637306,706.6768449224592,8520
2022-03-24,685.7283325195312,691.7491555578192,676.721971372248,679.7075094812432,6769
2022-03-25,682.2452392578125,692.5951295225643,676.7220056247965,681.6979027249787,7051
2022-03-28,677.9659423828125,686.126425323716,663.7846364320527,683.3399352499979,7114
2022-03-29,680.006103515625,685.5791448595223,668.7605879205055,680.5036932387801,6836
2022-03-30,686.7235107421875,693.0429361735626,681.3993254197435,693.0429361735626,6456
2022-03-31,686.6737060546875,694.2868518747065,683.5886745702313,683.5886745702313,3822
2022-04-01,694.8342895507812,698.665706056471,685.1810369402558,696.6256003749877,4844
2022-04-04,689.26123046875,701.6014793667501,684.6834295096795,701.6014793667501,16897
2022-04-05,700.4072265625,705.4826777803228,690.5549872707173,691.5999134582041,14500
2022-04-06,689.8583984375,698.9642538488944,688.6641709639425,698.3671704825819,9185
2022-04-07,699.9096069335938,703.5420357652241,691.6496306865297,694.4858674656366,35539
2022-04-08,713.3445434570312,724.4408174674061,696.9738310581401,707.4730217569573,15240
2022-04-11,704.5372924804688,724.0427850913813,697.4714820541886,724.0427850913813,10467
2022-04-12,720.8084106445312,728.2722559723586,695.1327948649907,706.5276108803264,34814
2022-04-13,745.6879272460938,751.3604620881908,720.659201278046,738.4231296283942,54172
2022-04-18,739.716796875,746.3845106516737,726.4809237009624,739.4182552189247,13402
2022-04-19,725.2866821289062,756.2367956755714,714.5387575342367,745.3893167035421,12375
2022-04-20,709.1150512695312,733.4471991282821,705.4826829965604,725.4857641309602,13548
2022-04-21,709.4136352539062,723.2964005068502,706.1295552697845,719.6640320171898,4582
2022-04-22,710.4087524414062,719.9625106155733,705.0845672322126,719.9625106155733,3558
2022-04-25,684.2853393554688,705.5822030674161,681.6978971807899,705.5822030674161,14627
2022-04-26,691.8486938476562,696.7250362010394,682.9915733672733,682.9915733672733,3559
2022-04-27,679.2596435546875,700.6062524574352,672.4426894003003,700.6062524574352,2370
2022-04-28,688.1665649414062,694.6352311339141,668.8103131864083,682.6930781631304,7043
2022-04-29,687.8182983398438,692.5951475320444,681.5984268028811,691.5999680861304,2357
2022-05-02,676.5726318359375,688.8133859820015,671.7460364629072,688.8133859820015,4286
2022-05-04,671.3977661132812,682.4939793111453,662.7894405248092,671.7460545859552,7229
2022-05-05,660.8985595703125,684.6833695230802,644.7268956825944,684.6833695230802,22890
2022-05-06,643.6322631835938,666.7701837387056,636.914802377271,666.7701837387056,5085
2022-05-09,645.6723022460938,651.8424259066774,626.9629440018423,643.6321968780818,6722
2022-05-10,594.5699462890625,655.275889853534,582.2296973992568,655.275889853534,18435
2022-05-11,597.2568969726562,606.5120525590199,575.7112402619869,590.2408341295319,5906
2022-05-12,585.5635986328125,606.2135717250646,560.5845585923245,606.2135717250646,15001
2022-05-13,607.6067504882812,614.0256695548277,588.1510060079468,594.2713834125226,8091
2022-05-16,617.807373046875,623.9774976116357,589.4945063419885,623.9774976116357,7416
2022-05-17,637.2133178710938,639.9003142314484,615.0208307854356,621.6387976784456,5165
2022-05-18,641.890625,644.8761627906977,630.9436531007752,639.3529300260914,2911
2022-05-19,624.723876953125,640.8955424258263,622.9823129791417,636.5665362725833,5029
2022-05-20,650.747802734375,659.7044169046488,625.9180657474861,628.9533506236712,9227
2022-05-23,652.837646484375,664.7797985542112,621.9870869706317,645.0752597871668,6547
2022-05-24,650.99658203125,658.808715463564,642.885846207647,648.8071753603763,4678
2022-05-25,651.7429809570312,661.7942681009912,639.9003223893795,658.7589832300669,6235
2022-05-26,651.6931762695312,671.7460645674338,645.8714013396511,652.5888619853255,7434
2022-05-27,664.7300415039062,671.7460435887592,650.5984829572612,656.8183537312312,2156
2022-05-30,668.9098510742188,681.6978819353197,664.6803386680507,664.6803386680507,5098
2022-05-31,667.3672485351562,671.7958087956296,661.7942684655018,671.34796593946,5393
2022-06-01,661.09765625,670.7509084756546,659.8039351919272,665.5759635024339,44385
2022-06-02,666.7701416015625,681.6978313389109,658.8087070749767,674.2837332878429,8920
2022-06-03,671.0493774414062,680.0557377917917,661.7942222706183,680.0557377917917,5953
2022-06-06,677.56787109375,682.1954796062697,659.0575585255318,659.0575585255318,3095
2022-06-07,670.4523315429688,680.6529197480994,664.7797971733937,677.5678273585772,35815
2022-06-08,664.6304931640625,674.9306357038723,654.3304113651787,671.2484600240504,7924
2022-06-09,690.4553833007812,696.6255070831309,658.1120561862073,671.2484350393883,13821
2022-06-10,715.6832275390625,746.3844850615579,682.6930090029717,689.6592641968796,8414
2022-06-13,700.7057495117188,712.9465039954407,686.922539938977,696.6255385110959,9747
2022-06-14,696.5757446289062,699.6110292648723,690.3061273540911,696.1776486231404,5931
2022-06-15,704.3880004882812,710.4088239948709,691.5502220656322,691.5502220656322,4493
2022-06-16,691.7490844726562,712.6976566441423,689.6592323074872,712.6976566441423,15098
2022-06-17,691.4505615234375,707.5724782390953,680.8519384838196,698.9641530471306,16129
2022-06-20,661.296630859375,689.6592403093257,656.8680709198824,680.7026267988149,54392
2022-06-21,675.8760375976562,697.2225847279723,668.6609877611926,668.6609877611926,7230
2022-06-22,658.1121215820312,685.1312664451284,653.0864777868669,671.8455850810205,45782
2022-06-23,662.888916015625,682.842309831688,651.8921967564424,654.4298918561115,35315
2022-06-24,653.2357788085938,667.6658800280136,650.8473239655592,662.8889703419445,16699
2022-06-27,645.6226196289062,665.7750019757045,640.8955175969412,665.7750019757045,37292
2022-06-28,635.820068359375,652.7381161744809,633.0335177735603,652.0912253440047,37357
2022-06-29,635.372314453125,642.3883172336721,632.9341127197761,637.9100098323529,93639
2022-06-30,629.0031127929688,640.8457716701483,627.0127540398918,640.8457716701483,1588
2022-07-01,639.9500732421875,644.8762232065341,623.6789150548751,631.9388915681313,4741
2022-07-04,674.2837524414062,683.6882093912618,631.6403418434311,631.6403418434311,62519
2022-07-05,666.7203979492188,676.522889960245,663.4363183395959,676.522889960245,26788
2022-07-06,684.1361083984375,710.6576036508297,658.3609369744461,676.5727083179748,107351
2022-07-07,694.5855102539062,701.5517664137172,670.7509502446522,670.7509502446522,37520
2022-07-08,695.8294067382812,703.89033509663,686.6239978424597,703.89033509663,19238
2022-07-11,701.3526000976562,709.0154927293485,691.6496020828253,701.6013949185494,47647
2022-07-12,717.6736450195312,744.1453926308567,695.3318554530066,699.0637781843549,38232
2022-07-13,756.983154296875,765.9895147596211,714.4392394772843,721.504988168496,223649
2022-07-14,759.96875,764.2977559620072,742.4038098276789,764.2977559620072,22100
2022-07-15,764.9446411132812,774.9461815560148,759.3716002399538,765.2929295937083,15090
2022-07-18,760.8643188476562,774.1997457146153,746.4342190511227,764.9445904070924,21503
2022-07-19,758.32666015625,770.2190654656785,742.9511271426919,760.5658136803335,17495
2022-07-20,742.7023315429688,785.594597671417,735.6863293229072,750.2657309944292,11018
2022-07-21,741.5081176757812,746.5835688620612,733.6462371674725,735.935137549868,2485
2022-07-22,743.8468627929688,752.45512825232,737.9255331501857,750.3155289635368,6814
2022-07-25,735.3877563476562,747.0811131300418,726.1326009999955,747.0811131300418,5085
2022-07-26,726.723876953125,746.8401238672658,719.0060146079564,746.8401238672658,6010
2022-07-27,731.50390625,737.877390610198,717.9603279621438,719.3047053780668,16938
2022-07-28,727.8690795898438,735.9852461586587,721.993521789358,728.2673843740139,5774
2022-07-29,724.1844482421875,733.7446145047554,720.0018527090435,733.5454317113571,10883
2022-08-01,761.080810546875,763.8194068556795,720.051646418555,723.9852787276128,82972
2022-08-02,747.8359985351562,766.8069904942186,737.9272466963844,766.8069904942186,8202
2022-08-03,739.1222534179688,760.7820604072423,734.0932069400886,748.8318220683327,4545
2022-08-04,772.9314575195312,778.7571742158696,730.9562223458418,745.1969104340435,24170
2022-08-05,752.4168701171875,784.1846113839212,747.0890798311563,773.9771161244355,4623
2022-08-08,748.6326293945312,756.4998938433248,725.0308968302049,748.8815926899733,6882
2022-08-10,742.856689453125,751.8691485475155,732.4002310958416,738.1263868629254,16292
2022-08-11,763.9688110351562,771.6866733790239,729.1637293409159,729.1637293409159,21519
2022-08-12,761.92724609375,768.4501330688422,746.8401068386859,763.9687937447936,10795
2022-08-16,772.03515625,782.591175350594,751.8691299177684,751.8691299177684,10553
2022-08-17,770.3421630859375,784.682472220023,763.0724475204561,776.466684041173,10332
2022-08-18,764.6658935546875,800.6660128481849,761.8277361055491,775.072572171626,12430
2022-08-19,805.9937133789062,824.0684721565505,762.823504135248,762.823504135248,60743
2022-08-22,806.8900756835938,816.5000836191833,794.7406541802649,811.6203785030903,19916
2022-08-23,805.9937133789062,814.7074283412867,787.2219060299132,787.2219060299132,5454
2022-08-24,796.2841796875,811.2219774113679,789.5123902090908,805.1970778191521,13610
2022-08-25,797.379638671875,808.582986740189,792.5497143687477,808.1846211627164,9146
2022-08-26,803.7531127929688,811.3714142695375,787.9688635050894,796.6825792152563,10036
2022-08-29,806.1929321289062,813.7116115040303,783.7364550090107,784.7323081919955,7747
2022-08-30,801.263427734375,813.6120312236632,796.6825275139909,801.6617933109533,15836
2022-09-01,801.6618041992188,834.475178403287,792.7489061451893,800.6659510263005,9790
2022-09-02,796.3340454101562,808.4336254685691,788.6161830159784,808.4336254685691,11599
2022-09-05,795.338134765625,806.2925193082667,786.7239807897267,792.6990996311678,10000
2022-09-06,805.2966918945312,839.2054802465694,801.2634379220682,833.5291050094492,23662
2022-09-07,806.6908569335938,816.5996082387554,796.682544623176,796.682544623176,13380
2022-09-08,806.9896240234375,816.5000708000189,799.3713834398269,816.5000708000189,9512
2022-09-09,804.1016845703125,815.2054113649527,797.6784192253823,806.6410980930832,5866
2022-09-12,796.0850219726562,811.6203065959044,793.1970235627458,801.8111775099893,15485
2022-09-13,793.9937133789062,803.6535012003019,788.7157037802219,797.1804556516006,8033
2022-09-14,790.20947265625,802.2094909289608,784.7322803442029,797.6783712635869,13629
2022-09-15,795.338134765625,800.665924753089,789.9605034955073,800.665924753089,7674
2022-09-16,795.4874877929688,801.2634239336368,785.2799929576144,801.2634239336368,22593
2022-09-19,786.5745849609375,798.6742250269726,783.7364278007823,792.7488866375066,10625
2022-09-20,825.0643310546875,827.5539639184615,786.8235459542987,794.392066329403,88902
2022-09-21,826.70751953125,836.4170877760006,821.8775952684757,835.5207956252025,37156
2022-09-22,848.118408203125,851.4544921343377,821.5788959190978,833.0809883055539,106866
2022-09-23,865.4959716796875,868.3839702053481,839.6536303663071,839.6536303663071,37685
2022-09-26,857.4793701171875,866.3424877489049,813.1639035227097,856.4337364326051,25523
2022-09-27,849.1142578125,875.3549653975449,828.0519382571771,852.500122233314,34225
2022-09-28,862.5084228515625,866.3922746022566,831.885937283724,856.284340419075,13811
2022-09-29,873.3134765625,905.6787055871855,846.475220645619,865.2470291671143,71677
2022-09-30,889.1474609375,920.1683108823393,868.4337275675548,881.3300380204223,90382
2022-10-03,921.2637939453125,930.1269119588136,881.4296649535004,903.189094384512,68889
2022-10-04,923.4546508789062,946.0605304470521,911.2056687990028,939.985850301214,119851
2022-10-06,908.0189208984375,929.8779104408475,904.2346909561334,921.6621216739002,19161
2022-10-07,929.728515625,944.0688259008733,908.317671999611,914.1932301445166,45624
2022-10-10,916.483642578125,934.0604750035882,907.2720009326894,934.0604750035882,16426
2022-10-11,915.0895385742188,926.093704383406,904.2844947812978,913.1476126591725,10359
2022-10-12,877.0977172851562,920.0688077357643,868.3840016720479,920.0688077357643,26396
2022-10-13,886.8072509765625,894.6246740754939,871.8694533744867,871.8694533744867,8228
2022-10-14,891.68701171875,914.193270536789,877.6454446236235,899.2554719986061,14655
2022-10-17,871.8694458007812,894.8238490934945,858.6743913669031,878.2927108702874,30058
2022-10-18,869.6287841796875,878.3424994520291,853.147426306698,866.3922613642463,18291
2022-10-19,865.0478515625,894.2761168136901,857.3797702530101,858.5249648910572,6410
2022-10-20,888.350830078125,894.2761687423501,856.6329301432369,857.2304177471691,12206
2022-10-21,874.7076416015625,893.1807672497063,866.4918526292921,891.5873656464564,5918
2022-10-24,875.8528442382812,917.977420269795,866.3922393260997,892.135018905899,3915
2022-10-25,862.7573852539062,885.2139232726704,857.4295950100457,872.2678318265257,10571
2022-10-27,855.6868896484375,877.5458802485886,851.2055501041629,856.4337795724832,5031
2022-10-28,867.7864990234375,896.2678761069013,861.4130142582997,861.4130142582997,17377
2022-10-31,927.4879150390625,941.5792630667403,870.3757545429202,886.3094067999988,80734
2022-11-01,908.9152221679688,932.1683699311518,908.2181127758745,926.0439092583108,8748
2022-11-02,913.8446655273438,921.114381350954,903.8861340478634,903.8861340478634,5373
2022-11-03,894.0769653320312,915.0396624384092,888.5002118837309,911.2056520404594,8092
2022-11-04,909.0645141601562,924.1019330371674,888.2512200119967,889.4960364364817,11006
2022-11-07,910.707763671875,918.6248088749691,896.3674530858157,916.2845173542,9209
2022-11-09,941.4796142578125,958.9568252910934,906.2263876136468,906.2263876136468,33165
2022-11-10,935.006591796875,956.0190699591977,915.2886498533221,956.0190699591977,14227
2022-11-11,926.3426513671875,951.4879444655235,921.7616902146932,932.1683682276432,6727
2022-11-14,946.4589233398438,978.9237139557678,905.8280633923313,935.1061723341464,83232
2022-11-15,951.5377197265625,967.7701145105418,941.0812612680288,941.0812612680288,14552
2022-11-16,957.0647583007812,965.8282547859836,938.2929487619655,961.4963174407367,58298
2022-11-17,947.3053588867188,998.8407621165613,937.0480830572869,963.985900028745,85313
2022-11-18,960.00244140625,970.9568261110932,945.9110949503807,953.2306521087577,14163
2022-11-21,951.139404296875,969.6125305067638,947.2556131338432,969.6125305067638,7216
2022-11-22,978.1768188476562,1004.6167095066232,954.1767807178944,956.0190848498346,57295
2022-11-23,973.9443969726562,1000.7826519699802,964.682974679327,969.2638749330436,13408
2022-11-24,951.4381713867188,979.8697680841486,947.0563929948456,970.9568697896682,9556
2022-11-25,956.2680053710938,967.0232074380705,947.0563635593961,947.0563635593961,3836
2022-11-28,955.7700805664062,960.9983097125106,928.3841183725264,956.0190438590779,6280
2022-11-29,947.0066528320312,968.9652046662578,946.0605800955241,968.9652046662578,3832
2022-11-30,946.5584716796875,956.5170037331297,944.1683996740389,955.5211505277855,4284
2022-12-01,949.8447265625,965.9277793197648,946.0604967319827,954.5252485448477,25333
2022-12-02,938.890380859375,959.9527002637159,932.1683717876136,950.1933511011254,7952
2022-12-05,906.574951171875,949.5958222736798,887.0064719402529,931.3219400668735,25182
2022-12-06,900.0521240234375,910.1102779693439,891.2886278833422,897.6621127754424,12789
2022-12-07,916.2844848632812,938.7908031577284,903.2388325429034,903.2388325429034,17243
2022-12-08,925.3966064453125,932.9650666188866,913.2471849817902,916.2845251521564,3103
2022-12-09,891.6371459960938,926.0937034824587,881.0811262978876,912.4007218643792,20578
2022-12-12,891.48779296875,905.2803354167085,882.0271876093697,905.0313721177774,8142
2022-12-13,899.9027709960938,903.1392939050968,869.8777726197505,886.4587527586964,17828
2022-12-14,890.442138671875,905.2305339734716,880.5831679494413,903.4380104190437,8030
2022-12-15,887.35498046875,901.1475837387896,884.2180793623487,890.2429790575534,8538
2022-12-16,875.8528442382812,892.2346406899956,867.537494759869,891.2885680423669,8389
2022-12-19,877.4462280273438,888.1516499007483,875.8528872241243,875.8528872241243,4176
2022-12-20,880.0354614257812,890.1433346658214,867.4378944703689,867.4378944703689,6392
2022-12-21,859.8694458007812,886.1599334478392,838.9067483871951,876.4005843792634,16681
2022-12-22,867.13916015625,891.2885998734927,841.4959406626831,861.4627848498068,12985
2022-12-23,850.2096557617188,879.8362879829909,801.7613740517576,876.4503628448808,18919
2022-12-26,861.2636108398438,871.3715450755421,846.4752152162409,850.2096646951362,10617
2022-12-27,877.197265625,905.0313746807267,852.2013746543581,874.1101450223347,8120
2022-12-28,910.2595825195312,921.2637479476826,865.5955919303059,865.6453724326487,17548
2022-12-29,881.3798828125,915.1393313832134,876.4503972025027,911.106137986691,9409
2022-12-30,905.9276123046875,916.9815578298858,876.3507619330371,876.3507619330371,4996
2023-01-02,873.7117919921875,916.1351753293685,868.4835626246588,905.9276798975268,9474
2023-01-03,865.944091796875,884.2180335131225,852.0021477392061,880.3341819270937,13855
2023-01-04,857.6785888671875,879.4379574910822,851.5540672289269,879.4379574910822,6419
2023-01-05,855.6868896484375,870.5251271189699,851.7034767201934,870.5251271189699,3335
2023-01-06,828.998046875,866.4918851215496,825.4627800077454,862.4089111253498,10944
2023-01-09,844.3340454101562,846.9232999973083,831.2883938211413,840.6992179830739,5256
2023-01-10,851.2055053710938,856.3341735595062,839.3548282195285,851.3549076608745,2899
2023-01-11,848.8652954101562,863.4545083796556,839.1058853852226,844.5332975034833,3454
2023-01-12,851.1557006835938,868.4835090492434,844.682655199299,853.944077351187,5079
2023-01-13,855.3880615234375,861.3631803268628,846.4253833182995,851.4544294881055,3095
2023-01-16,855.8362426757812,863.2553002018765,846.0270524354584,855.388096590742,4790
2023-01-17,850.110107421875,860.3176027090159,835.7697970471183,855.5374587293933,5127
2023-01-18,856.6826782226562,859.4212744041295,844.2842942628489,845.0311841305233,1746
2023-01-19,854.1930541992188,859.1723200354135,841.9440723985903,853.5457253276919,4519
2023-01-20,862.2594604492188,871.2719804464589,844.6826881108639,854.9399638138384,3140
2023-01-23,847.12255859375,862.3093200676631,836.5166975794734,862.3093200676631,3850
2023-01-24,853.6951904296875,859.3715660570227,845.4296206898421,859.3715660570227,1292
2023-01-25,848.6660766601562,850.8071244888391,833.379694156974,847.4710407095606,3454
2023-01-27,843.2885131835938,852.7491189827554,830.9897499575069,841.9939161253833,9734
2023-01-30,840.798828125,857.6287711879768,823.5705802590629,823.5705802590629,1878
2023-01-31,851.0560913085938,863.3549143773163,833.3796976129698,835.8195500259596,9661
2023-02-01,840.0021362304688,862.7573565090717,824.5664123281899,846.7739255279612,4449
2023-02-02,811.9190673828125,846.7739279051636,802.6576451718556,829.5954609334334,6222
2023-02-03,815.4046020507812,843.4876749309869,778.2592892072802,806.4917036008252,5951
2023-02-06,806.7406005859375,831.6867702506036,792.599534690455,831.6867702506036,7023
2023-02-07,826.75732421875,836.4668927475476,800.7655196878128,807.1390043682557,5280
2023-02-08,818.3423461914062,828.5000607282884,801.6618055175929,826.8568786774493,16822
2023-02-09,805.8444213867188,820.5830365864724,803.852714987237,815.9025143912793,3906
2023-02-10,803.653564453125,833.529161644691,798.3257739334523,833.529161644691,2858
2023-02-13,796.0850219726562,811.6203065959044,794.3920594834691,811.6203065959044,2368
2023-02-14,789.6119384765625,806.6410019833924,786.1762331635568,805.5455878984567,3126
2023-02-15,806.7406005859375,819.9854959109413,789.7115362852923,791.255096488582,12095
2023-02-16,789.0642700195312,818.7905249349326,786.724039278803,818.7905249349326,3786
2023-02-17,791.7032470703125,796.6825127751572,782.740568801592,792.7986612125575,3730
2023-02-20,786.27587890625,796.6825569629901,771.7862270578967,785.3298062134454,6073
2023-02-21,795.9854125976562,803.6037135267273,776.9646416986637,798.0268994037702,5013
2023-02-22,781.8442993164062,796.682535859613,772.7820597838247,787.9190401215681,5825
2023-02-23,794.9895629882812,801.5622302929821,781.8941304444194,796.6825255114036,3214
2023-02-24,787.7696533203125,803.4543410533994,780.9480832857284,794.0435162571363,2031
2023-02-27,799.2219848632812,806.5913229608472,785.7281859678991,785.7281859678991,4522
2023-02-28,797.429443359375,811.1722052502439,785.6783878521699,811.1722052502439,2399
2023-03-01,779.9522094726562,800.616162606354,777.7613203574921,791.0061552699094,4143
2023-03-02,778.4584350585938,784.782078374567,776.7654725133718,784.782078374567,2314
2023-03-03,778.6576538085938,784.6825536082503,771.7862423062062,776.6161060903966,4060
2023-03-06,778.25927734375,791.6037345630423,773.6285356417422,777.3132046454622,7896
2023-03-08,771.3878784179688,781.1472885808744,769.5455742773291,779.4045454492208,3845
2023-03-09,770.4417724609375,780.6492667006042,762.7239109626529,780.6492667006042,6744
2023-03-10,762.7738037109375,766.9065582005788,748.5828949967238,763.3215108382324,7489
2023-03-13,756.5994873046875,774.1264797428519,745.8940651414425,774.1264797428519,2644
2023-03-14,743.4044189453125,759.3380702555938,740.9645664320144,751.9189517078329,4027
2023-03-15,728.4666137695312,751.8691639043009,724.9811275792464,745.6450814216494,8365
2023-03-16,709.64501953125,728.4666707436713,708.10145911124,728.4666707436713,6816
2023-03-17,703.8192749023438,721.9935964686229,702.3254950475811,721.9935964686229,5524
2023-03-20,690.325439453125,708.9976866571259,665.0307442612833,697.0972289493651,25847
2023-03-21,701.8773193359375,714.9728131565979,694.1096765751518,697.0972361586889,15047
2023-03-22,700.9810180664062,707.5536241823032,694.657314442275,694.657314442275,4895
2023-03-23,694.2590942382812,707.3545275668235,692.1179855098526,703.4208952049966,3894
2023-03-24,677.6282958984375,702.6241859392422,672.200884011857,698.1926272141609,5392
2023-03-27,675.7361450195312,682.159410014767,666.2257595618673,682.159410014767,9613
2023-03-28,682.8565673828125,697.1470368245454,658.6075049258826,659.2548338338596,20211
2023-03-29,716.516357421875,732.4500081776081,685.993433380102,690.0266873532902,13098
2023-03-31,733.4956665039062,738.4251520285458,708.4997753535911,708.4997753535911,20397
2023-04-03,754.0601196289062,768.4502117549137,732.0517255591122,744.4501111149335,23829
2023-04-05,762.2260131835938,768.7488390558005,751.4707507092402,765.3629140869039,2289
2023-04-06,746.840087890625,766.8069315492301,744.8483815749128,755.9023273142947,3657
2023-04-10,752.7654418945312,759.0890852647944,740.0683138694396,754.3090021647001,5941
2023-04-11,752.6658325195312,762.8733277668564,738.0766196840508,752.7654543082505,10931
2023-04-12,732.3504638671875,767.7032522873398,719.9520794338498,761.7281331177365,14879
2023-04-13,732.2507934570312,748.0351020178887,722.1429206688482,739.6699114230705,9655
2023-04-17,719.6533203125,734.4914961319207,717.0142850892804,726.9728168266315,6436
2023-04-18,703.5703125,724.8815961015705,700.2342284662202,723.1388529354347,6487
2023-04-19,698.391845703125,710.9396326486602,696.101395471005,700.1345888248335,5649
2023-04-20,695.2051391601562,714.9230824094466,692.118018355137,708.7985605241278,5743
2023-04-21,688.9810180664062,703.8690356915888,682.1594479002265,697.0972460294284,7634
2023-04-24,693.9602661132812,698.6407882287976,687.2880984142425,688.1345493067909,3864
2023-04-25,701.7279663085938,707.4042807985054,691.0225446432925,692.0681783239576,5175
2023-04-26,720.0018310546875,725.7777671971942,698.1428421463401,698.1428421463401,5668
2023-04-27,734.7902221679688,746.9396427503,723.6367155173557,724.7819101702396,5421
2023-04-28,722.2922973632812,745.7446275330647,716.0184345024936,745.7446275330647,7757
2023-05-02,728.5662231445312,744.848460469327,720.4998360243253,733.0974041183622,7426
2023-05-03,739.2716064453125,743.9023481866059,732.9977433760536,737.130558512135,2294
2023-05-04,775.022705078125,791.6534646483544,740.8649545822004,743.8027334973393,9476
2023-05-05,778.1597290039062,788.6659682993645,771.7862440946886,781.7447762765556,9245
2023-05-08,775.7696533203125,790.7074515228859,772.4833498721576,789.7613788136449,5405
2023-05-09,809.9273681640625,847.3714836939731,776.3671042963522,795.6368995375026,28971
2023-05-10,810.6742553710938,821.5788596648746,801.7613574037732,821.5788596648746,2540
2023-05-11,797.8775634765625,820.5830033547244,792.6991148912143,820.5830033547244,1808
2023-05-12,792.400390625,839.4544535666122,786.8235763256502,810.9730160364246,11049
2023-05-15,783.3380737304688,798.275871175993,770.8401286907908,787.7198519606438,10030
2023-05-16,793.1970825195312,805.8942109591094,789.8111572894878,801.9605786194562,3433
2023-05-17,791.8526611328125,814.5581009282296,781.6949467874264,814.5581009282296,4723
2023-05-18,788.1182861328125,808.6328387640019,785.080885095552,792.7489672747258,12533
2023-05-19,778.8069458007812,793.6949625879188,776.1181301324668,791.4542929946655,1364
2023-05-22,761.2301635742188,779.6534466411155,756.8483854508928,761.8276511446487,3673
2023-05-23,769.5455932617188,780.599539942367,763.7696566107309,780.599539942367,1900
2023-05-24,780.2509765625,794.8402501499113,774.8733450085324,794.8402501499113,3022
2023-05-25,797.8775634765625,806.6410591229693,782.8899855838365,785.628581772217,3690
2023-05-26,800.56640625,809.6286459944342,791.7032885185426,800.56640625,3200
2023-05-29,803.2053833007812,816.0021333421736,794.1929240308857,796.6825570215781,7177
2023-05-30,808.1846313476562,815.6037496516924,798.0269168146309,811.6203369549808,1808
2023-05-31,800.0684204101562,819.4875562377615,791.7032298946752,816.5995578787845,3245
2023-06-01,786.3256225585938,823.0726280891898,780.7488692340288,812.6161700190912,9715
2023-06-02,811.1722412109375,826.3590030596296,786.3256908168298,786.7240564240449,11650
2023-06-05,798.3257446289062,833.9772771457511,792.6991497182096,803.7530959605031,16811
2023-06-06,794.3423461914062,818.2926040045052,785.7281915153292,818.2926040045052,5088
2023-06-07,796.6825561523438,806.5415270975511,793.1970699691773,805.39627161026,12970
2023-06-08,796.6825561523438,813.5622799672326,790.1597298802575,807.5373802927415,3965
2023-06-09,806.1431274414062,808.533199321688,790.8568058540104,790.8568058540104,2153
2023-06-12,810.52490234375,820.9813604090218,804.6493444513952,806.1431241750055,5499
2023-06-13,826.2096557617188,873.3632818425621,816.101721174435,873.3632818425621,52833
2023-06-14,809.1805419921875,836.2179819042165,803.4543858339764,836.2179819042165,16638
2023-06-15,817.5955200195312,822.525005774112,806.5913537396266,810.574766748248,6503
2023-06-16,812.7157592773438,829.4959218996146,796.981291124081,826.4585818443479,18738
2023-06-19,806.54150390625,822.5747155749747,805.6949922454455,812.865147201057,5600
2023-06-20,797.7281494140625,810.5248987928259,784.9812413181766,806.5414862139831,11059
2023-06-21,778.5580444335938,802.4585219958349,773.8277415827336,797.7779996501512,19559
2023-06-22,774.5248413085938,798.674281876557,771.5870621552549,779.7530707099054,16679
2023-06-23,766.06005859375,782.2924532687699,762.0766458743805,782.2924532687699,13000
2023-06-26,757.2467651367188,776.2177556271982,754.8566932463366,766.8069311341413,9775
2023-06-27,761.7778930664062,780.6493227576159,758.3421874801772,766.8069394087149,14522
2023-06-28,761.7280883789062,782.6410042442321,759.8359431068418,769.3961089038844,14719
2023-06-30,762.1264038085938,771.7364110223194,756.8483942681344,771.7364110223194,63041
2023-07-03,762.4252319335938,774.2261295398723,758.2426968650994,769.7447898675775,26666
2023-07-04,763.3214721679688,778.7074161508574,760.7820586831165,762.4251799817596,13287
2023-07-05,766.8069458007812,774.7737712116984,761.827679918958,770.7903585062398,8533
2023-07-06,774.3256225585938,775.7696218159457,761.9272383975507,771.736428621452,9601
2023-07-07,772.9812622070312,789.6120227219135,767.9023744426961,779.2551251798639,8661
2023-07-10,772.1347045898438,783.4874546516686,766.8069146257195,772.9812162245707,11718
2023-07-11,781.3463745117188,788.715712298032,768.1015394792863,781.5455573025482,120735
2023-07-12,795.238525390625,805.6452030249225,786.7737735665065,788.7156993766855,23620
2023-07-13,797.429443359375,805.5456711856268,787.3215091494594,801.3132951203414,4838
2023-07-14,808.3838500976562,816.5996391500809,792.4004180975326,794.6410878391029,13060
2023-07-17,836.3672485351562,843.5374034128927,806.5912756477713,820.533219828127,24918
2023-07-18,829.2966918945312,844.1349278065454,818.0933442105763,843.2884161789715,14762
2023-07-19,815.0062255859375,832.3838140719972,813.6617873917327,827.4045484239454,19720
2023-07-20,817.645263671875,828.5000879439306,814.109996942481,822.524968700316,7088
2023-07-21,820.3340454101562,826.408725409325,814.7074507099995,817.7448514916375,5433
2023-07-24,827.2054443359375,832.5332343819001,817.6949981165786,828.549821777202,6034
2023-07-25,834.72412109375,842.7407267814644,823.3215903888636,826.2095888318662,8931
2023-07-26,833.4295654296875,841.3465497253947,823.6203749635596,836.5664665330652,4715
2023-07-27,816.8287353515625,842.5026321294724,811.9930936984074,837.5174094541501,9011
2023-07-28,835.9221801757812,838.6141517934338,815.582446889442,826.9986192277361,7647
2023-07-31,843.599365234375,855.4642196625111,824.5059987093147,837.5174178514095,11876
2023-08-01,851.8748779296875,855.2647928473017,832.5820295992656,847.4878576189288,8168
2023-08-02,841.8545532226562,865.3350013873109,830.5381217638211,855.4143958051321,13449
2023-08-03,910.8500366210938,965.1391245478652,866.2322930017581,866.2322930017581,169977
2023-08-04,883.3814697265625,910.3016725286135,877.3493623807606,910.3016725286135,31982
2023-08-07,867.3291015625,892.2053150658925,862.8424009676124,884.378539481164,12056
2023-08-08,880.7891845703125,889.7625855687908,866.3320385172087,875.1060184336557,6563
2023-08-09,925.4069213867188,942.1074175624453,871.516614894066,885.3755584504574,24487
2023-08-10,903.8707275390625,923.2632562698972,893.4017597303865,904.3194097589598,9273
2023-08-11,899.6332397460938,915.2868505595137,889.3636935719894,915.2868505595137,7640
2023-08-14,902.6742553710938,913.7414863444562,888.1672693978778,889.363735024021,4932
2023-08-16,903.4719848632812,915.1872588644136,872.6632825098835,902.6743005027903,8229
2023-08-17,899.932373046875,916.2839277645593,889.5133063388081,903.3223488081509,9983
2023-08-18,879.5429077148438,906.512951651397,876.55177395061,900.3312630343594,6198
2023-08-21,867.4287719726562,899.8825604082652,856.5111218096324,878.5956832770515,15652
2023-08-22,880.2906494140625,891.2581393628604,875.3054267100634,884.8770299598339,5746
2023-08-23,880.8888549804688,889.8124158238338,869.8715249357643,889.0147923592649,9574
2023-08-24,905.2167358398438,926.2543506791312,873.5106717075945,885.4253657844852,29707
2023-08-25,902.7241821289062,913.3426703348765,890.4106451204951,904.319429106259,4822
2023-08-28,901.0291748046875,922.3658917281006,897.0908366490004,907.3105433182443,9911
2023-08-29,934.729248046875,956.16570546875,901.4279363612176,906.2137987950325,34484
2023-08-30,923.7617797851562,942.1572639874499,916.3337856828483,942.1572639874499,9449
2023-08-31,929.3451538085938,942.2070521963554,912.7443994018038,936.2247851982834,6962
2023-09-01,937.1720581054688,946.195299315766,924.6591608913726,924.6591608913726,9104
2023-09-04,925.9552612304688,943.9020626551174,919.6239919928012,936.2248076525085,9669
2023-09-05,904.8677368164062,929.1956473081581,888.8651845322365,927.3510784437724,291867
2023-09-06,917.829345703125,935.4272063021374,867.5783370398926,919.2750724674388,70373
2023-09-07,927.4508666992188,945.995871269615,918.427625555315,931.5885651318436,48629
2023-09-08,937.770263671875,945.1982579331266,925.1576862998708,932.3363585623811,22371
2023-09-11,937.6207275390625,981.0918459655464,933.2337071379588,956.6642542722985,120743
2023-09-12,909.9526977539062,939.4651909521243,890.3607487612068,937.2218408012702,23383
2023-09-13,888.5661010742188,917.2809714890078,882.7333540361284,917.2809714890078,12757
2023-09-14,893.9002685546875,905.8648030131201,886.3725944622108,898.0380277301364,31895
2023-09-15,884.9766845703125,901.7769211115315,875.7540228336766,893.9002451242814,14462
2023-09-18,890.958984375,897.3400938285778,869.522526577984,880.9885388880158,18648
2023-09-20,885.27587890625,901.1288507136642,869.6721073811774,887.7185893661245,90911
2023-09-21,884.7274169921875,914.2898109014081,878.6454698548156,892.6040929220127,14389
2023-09-22,870.1207885742188,893.501495378674,865.2850860070934,893.501495378674,18295
2023-09-25,875.7540283203125,883.3316031723693,854.2178910666098,870.120763304692,19042
2023-09-26,873.01220703125,878.5956931737265,856.4612913996611,876.7012841360562,13592
2023-09-27,845.4439086914062,867.478568131682,837.467552571159,867.428728076884,104304
2023-09-28,826.4502563476562,854.4671840136641,809.7996001008233,853.8190807107188,15848
2023-09-29,842.4029541015625,853.0214419134026,810.9960511693467,817.825781909524,39367
2023-10-03,836.8194580078125,845.4937575498556,832.1333365674199,845.4937575498556,52989
2023-10-04,836.2711181640625,838.2153672118212,823.5588001234165,836.869320553479,6970
2023-10-05,829.0425415039062,846.9893433644838,819.5706182997125,831.036630599526,10033
2023-10-06,836.5701904296875,845.9922732931816,829.0923565467189,837.2182937081186,6218
2023-10-09,851.1270751953125,854.9158321841352,823.6086100482879,836.5701887527855,33236
2023-10-10,844.34716796875,866.2323084047085,837.7666981626388,854.4671946746581,8445
2023-10-11,890.0616455078125,895.146548162677,845.5934238859301,845.5934238859301,26888
2023-10-12,876.6015625,897.2902364869515,871.9652810959565,897.2902364869515,9260
2023-10-13,869.0240478515625,875.2057365342191,863.7397236496105,868.6252665249616,5798
2023-10-16,869.173583984375,879.9914929791238,863.988940168203,867.4287560268497,11992
2023-10-17,874.2584838867188,883.7803079637982,869.1735810552606,877.349358485352,7518
2023-10-18,871.9652709960938,877.249594770238,866.5313662023508,872.9124754590932,4253
2023-10-19,870.4198608398438,875.7540246485588,856.5609177514604,872.4139498681137,4685
2023-10-20,866.082763671875,881.3873730129409,861.4464822207929,870.8187252350101,5205
2023-10-23,820.81689453125,874.6572981810374,802.5709921319977,874.6572981810374,8390
2023-10-25,820.7172241210938,831.5351328625907,809.5503132834002,828.9926814978134,13670
2023-10-26,809.0518188476562,828.344606705137,786.4687352646029,822.6614405529676,12680
2023-10-27,833.878173828125,852.4232387214045,809.0518013801043,836.3209451137038,11109
2023-10-30,827.447265625,839.1126377425019,821.5148386020951,839.1126377425019,24934
2023-10-31,829.1422119140625,836.8194670133123,812.5912969560073,816.9284163463188,29085
2023-11-01,825.4531860351562,837.3678194170915,820.9165847656377,837.3678194170915,2325
2023-11-02,857.2589111328125,860.2500448498529,827.7464161332562,836.4705561412906,18002
2023-11-03,862.543212890625,899.5834421373862,852.4730873122363,897.1406708273504,95888
2023-11-06,836.2212524414062,870.9183896223207,830.1392443467524,870.9183896223207,29294
2023-11-07,824.605712890625,840.5085862123348,812.5913377972157,840.5085862123348,23498
2023-11-08,818.1248779296875,823.6086228514516,807.5562302405588,822.5118982090063,32535
2023-11-09,797.3863525390625,824.6056556845408,786.1696017218516,818.0750262685849,42125
2023-11-10,802.7205200195312,807.606062517408,793.5975991595103,804.9638701931907,8035
2023-11-13,800.9258422851562,822.860821493465,797.6854476293834,817.6263378187549,12501
2023-11-15,805.6618041992188,817.5266582110781,800.9258427763385,800.9258427763385,13268
2023-11-16,812.4916381835938,817.1776989427223,800.8262046333934,800.8262046333934,22351
2023-11-17,813.1895141601562,822.561757312657,806.8583055821426,816.5794899867468,19127
2023-11-20,975.8074951171875,975.8074951171875,832.5321837745021,832.5321837745021,1609221
2023-11-21,988.3703002929688,1051.8820535150198,976.7048662963026,1021.372513081991,787461
2023-11-22,1033.536376953125,1076.8081356344164,977.1036786312297,991.0623026116759,858904
2023-11-23,1050.13720703125,1069.3303152537533,1012.0500917901853,1044.9526238835342,205056
2023-11-24,986.6254272460938,1050.486118823977,963.0952000896012,1050.4363396219503,190056
2023-11-28,1007.6132202148438,1034.9322658320887,980.1446544246477,987.0741263716453,69549
2023-11-29,970.822265625,1009.5075810025901,964.4411563266319,1009.5075810025901,49453
2023-11-30,974.1124877929688,986.9743863339846,958.209615662652,961.1509091427041,28273
2023-12-01,989.3672485351562,1005.0208594092095,967.1331682806876,974.1124798043627,39661
2023-12-04,974.1124877929688,1012.9473836891384,967.133176212057,997.0445115588217,25216
2023-12-05,1034.9322509765625,1044.5038543893509,967.6317433263525,977.103666625271,105090
2023-12-06,1067.336181640625,1097.0481576601628,1031.94110041854,1056.8672139552195,256158
2023-12-07,1069.7291259765625,1095.602383460534,1051.7823240104672,1075.8110734120535,94353
2023-12-08,1033.037841796875,1085.7815232363043,1027.0057952490645,1085.7815232363043,62947
2023-12-11,1027.60400390625,1048.5419397436838,1021.9706777795084,1048.5419397436838,21253
2023-12-12,1012.1996459960938,1038.3222255490598,987.074110999693,1027.9529378188722,41380
2023-12-13,1013.7948608398438,1041.9115286155422,998.0914095712362,1018.9795045407503,40047
2023-12-14,995.4492797851562,1026.8561823757636,985.2794134420059,1014.9913281662933,33187
2023-12-15,994.8510131835938,1015.5396870421895,980.7927097468889,1005.0208794922668,37492
2023-12-18,1024.7125244140625,1051.1342046835568,983.5345971461443,999.8362510082453,141636
2023-12-19,993.4552612304688,1040.864658812982,989.4670828407114,1026.9559353625216,85093
2023-12-20,955.517578125,1005.9680666489476,943.8522060868825,997.2937672745068,87990
2023-12-21,965.6376342773438,985.2794238311202,938.7174317729676,938.7174317729676,35419
2023-12-22,962.6963500976562,981.8894576256669,957.1627650332616,977.053815915063,15486
2023-12-26,1021.3724365234375,1036.9263067832792,960.7520806738311,965.1391009290522,109540
2023-12-27,1048.5418701171875,1061.752709708803,1025.2609054429263,1036.926277379634,181640
2023-12-28,1045.5009765625,1074.76421216389,1035.9293724391398,1054.8732204433204,50352
2023-12-29,1068.831787109375,1076.8081437295941,1032.0907187693988,1045.5009196533251,62015
2024-01-01,1111.405517578125,1116.6899024072613,1052.430429474874,1058.8613181754567,122476
2024-01-02,1101.28564453125,1126.660380523832,1087.7756417269918,1126.660380523832,87535
2024-01-03,1090.966064453125,1115.642916308489,1072.7700019739173,1086.7785261554232,48243
2024-01-04,1122.82177734375,1139.5222740473691,1067.884645365096,1091.7638143560062,93646
2024-01-05,1113.5491943359375,1141.5661221763703,1108.863133580003,1123.6692209785845,30684
2024-01-08,1191.6177978515625,1217.341473774967,1103.1300955556317,1113.6987432625901,116510
2024-01-09,1170.9788818359375,1230.4526114913983,1166.741442647629,1193.5121852402183,85795
2024-01-10,1173.2222900390625,1180.5506649537451,1144.75674075618,1173.3220918631182,44497
2024-01-11,1158.216796875,1184.8378370102216,1150.489701805804,1173.521405992726,19754
2024-01-12,1130.7481689453125,1184.4888930651769,1113.6987319476452,1169.7824863541402,19911
2024-01-15,1149.3929443359375,1198.597065900027,1131.695404521724,1146.601171061713,62788
2024-01-16,1255.8275146484375,1281.2022498229833,1148.4956442415923,1165.3457215189155,346586
2024-01-17,1239.4759521484375,1251.3408065920207,1202.6849840458724,1221.2798891773807,91973
2024-01-18,1359.47021484375,1445.7145665738449,1223.3736366800742,1226.3647702660892,641518
2024-01-19,1304.3336181640625,1422.7326572545574,1241.5198121623682,1392.8712219740753,728147
2024-01-23,1346.907470703125,1411.9646258404923,1273.9736394907438,1331.054438442687,185970
2024-01-24,1316.99609375,1364.8542293632852,1276.2169496876068,1360.9657315027994,84605
2024-01-25,1290.075927734375,1339.8284735843463,1278.011713393966,1327.0662550547759,62476
2024-01-29,1260.9124755859375,1301.9408851480196,1231.3500789043412,1289.1786656059214,103198
2024-01-30,1287.234375,1304.1342309140396,1268.5895694680914,1295.759032612134,52728
2024-01-31,1276.815185546875,1291.5215921889644,1242.7163117114044,1267.2435825149478,97178
2024-02-01,1316.796630859375,1327.0662379586463,1278.2110571472463,1282.1992351726667,79294
2024-02-02,1305.5799560546875,1332.051537920991,1299.6974904928793,1327.0663150994303,38494
2024-02-05,1271.4810791015625,1309.069610446861,1221.329688893489,1299.0493856133655,295367
2024-02-06,1255.0797119140625,1286.1874527860016,1235.388082307455,1277.9618353553935,28541
2024-02-07,1278.8592529296875,1289.1786399750501,1196.4534941763807,1196.5531742923201,117985
2024-02-08,1251.3408203125,1281.9500395375323,1241.0213117769006,1280.2052115622723,42378
2024-02-09,1245.30859375,1271.2317510258206,1198.3478216422473,1249.296771792434,49972
2024-02-12,1183.6912841796875,1270.2348029549407,1149.5924080118107,1246.355633796709,81639
2024-02-13,1171.6270751953125,1203.7319840691362,1130.9975080894135,1145.7039158148616,53977
2024-02-14,1216.04541015625,1235.3381978632967,1149.343105397026,1171.6270267550733,52956
2024-02-15,1174.11962890625,1235.8367104289161,1165.345709957972,1220.232938996881,53418
2024-02-16,1188.128173828125,1196.4534715591492,1175.6152159209191,1185.8349226571536,17007
2024-02-19,1165.196044921875,1187.479964498133,1157.6185312871346,1187.479964498133,31444
2024-02-20,1190.720458984375,1202.5853135225686,1147.6481829220115,1165.4454038745318,37782
2024-02-21,1173.0728759765625,1214.5996863108871,1161.6068630456489,1194.8083752894365,31315
2024-02-22,1221.429443359375,1340.675944141501,1192.2658910192583,1266.2465460495177,1440053
2024-02-23,1148.794677734375,1206.4239012029254,1107.8161712172414,1206.4239012029254,363510
2024-02-26,1108.56396484375,1160.6097636737568,1101.7342339795407,1150.5894172057826,98191
2024-02-27,1147.149658203125,1163.002569215274,1108.7135420324814,1108.7135420324814,115552
2024-02-28,1108.314697265625,1148.9442626718026,1091.863462193185,1148.2961593724954,81738
2024-02-29,1072.0721435546875,1108.7135304652988,1065.8905160794338,1108.314688306677,58728
2024-03-01,1111.15625,1134.4871168105708,1054.7734537264555,1073.816980288456,161120
2024-03-04,1075.81103515625,1124.516635529248,1058.4624361973654,1109.4612876460772,47548
2024-03-05,1025.9090576171875,1077.2070785696285,996.2470397388335,1071.872913962892,92165
2024-03-06,1018.5806274414062,1034.9321814321443,992.6574706810635,1022.0205039603251,49686
2024-03-07,1039.6182861328125,1048.5916869320354,995.4991263914025,1012.0002012456862,71520
2024-03-11,976.3060302734375,1044.0552192520545,958.1598073902029,1043.1578548199789,57500
2024-03-12,972.8662109375,1000.7336180310294,965.1889558003983,982.039032886189,123659
2024-03-13,966.6347045898438,988.370263909409,959.4559715596355,974.1125388182335,111357
2024-03-14,980.5933227539062,992.5080173924853,957.2126156987842,960.1539093157211,34753
2024-03-15,970.9718017578125,991.0622735977018,965.1391155357901,980.5933059188529,18790
2024-03-18,981.4407958984375,990.7631991195311,967.7813340044183,972.0686134746827,52958
2024-03-19,958.5087890625,985.7779950210496,947.1923573455957,979.0977841193421,85158
2024-03-20,958.5586547851562,969.9249261431629,947.1923225723797,953.6232720913251,34548
2024-03-21,977.5523681640625,981.4907064160743,962.1480172709975,962.1480172709975,20970
2024-03-22,967.9308471679688,980.9422665116139,957.1627780854615,977.5025114616857,18525
2024-03-26,950.0338745117188,973.663842502404,947.1923218879629,967.9308363436085,29296
2024-03-27,938.1192626953125,1014.9913749003777,918.2780513587895,974.5113895949822,91523
2024-03-28,909.4542236328125,982.8865192777915,901.2784460349161,942.9050565928235,124100
2024-04-01,932.0372314453125,941.210053459302,914.0904295785037,914.0904295785037,27846
2024-04-02,931.8876953125,943.5032275866793,922.515452378474,932.2366365564693,22241
2024-04-03,928.29833984375,936.1251762742494,924.2603214839493,932.2865181457304,17783
2024-04-04,948.0897216796875,957.1628030752629,920.2721533734039,936.6735489928875,82937
2024-04-05,957.6613159179688,973.1155068567803,950.1834815927373,950.1834815927373,23761
2024-04-08,945.248046875,968.7783341061612,938.5179963517575,958.15978560536,15283
2024-04-09,919.5741577148438,954.1217750162468,910.3016557581406,954.1217750162468,18960
2024-04-10,932.4859008789062,938.4183280300573,915.3865627705477,928.7469838745802,8974
2024-04-12,917.9789428710938,943.1543181292436,912.2957766814682,943.1543181292436,17592
2024-04-15,895.3460083007812,914.2898548015773,883.0823724738515,914.2898548015773,28740
2024-04-16,917.3806762695312,922.2662189605277,894.9970745580355,895.3460158124907,10840
2024-04-18,908.3076171875,935.2278209899836,902.3253496758371,928.3481890096623,13491
2024-04-19,893.5513305664062,926.2045393116094,887.4693223483312,899.3341767381143,33940
2024-04-22,890.46044921875,913.7414756069236,887.3696355044063,904.2197124755548,18569
2024-04-23,890.3109130859375,901.8267650793471,877.3991744276677,891.6568988411638,30462
2024-04-24,901.2784423828125,915.0874851999665,889.1144865771611,890.6598934745497,22912
2024-04-25,898.1875610351562,905.4660349543085,891.3079901337965,904.369249433382,11455
2024-04-26,904.6184692382812,912.9936674409151,893.6509796587578,901.1786535173864,15928
2024-04-29,898.386962890625,913.2429507511135,894.3489447092127,908.6565093935897,7473
2024-04-30,886.7215576171875,907.3603922388678,875.2057050873741,907.3603922388678,11925
2024-05-02,891.3577880859375,908.9556479532546,885.3755210518036,895.3958061630243,20473
2024-05-03,882.6835327148438,899.2345088471617,877.9475710767465,891.8065147385603,10701
2024-05-06,884.9766845703125,902.2754433675658,872.1646869321362,888.8651825092877,19038
2024-05-07,883.2817993164062,893.8006072447647,879.9915035873073,885.0266272949652,12661
2024-05-08,885.8740844726562,899.3341859249701,879.4431349411524,883.331633035951,7806
2024-05-09,881.4371948242188,893.3518889968603,876.0032900248802,885.8740551045876,19452
2024-05-10,881.9357299804688,890.2111874379777,875.4549405123954,881.4372077136939,14946
2024-05-13,877.6983032226562,897.7887752019392,868.1765399624969,884.42835392004,9594
2024-05-14,882.4342651367188,896.4926297779781,874.2086476147841,879.4929715488306,42527
2024-05-15,864.3379516601562,912.3954506712754,861.4464981000881,907.3105477674538,28839
2024-05-16,859.402587890625,872.9623698365375,857.5081788467413,870.4199183285255,14005
2024-05-17,855.364501953125,867.4287160761859,852.4730485576309,857.4582710638159,11690
2024-05-21,857.60791015625,869.1237627544124,840.4088913452317,867.3789347590917,35858
2024-05-22,867.129638671875,870.918395709503,847.4878492880109,858.4553391023263,18090
2024-05-23,858.1064453125,872.7131119509983,851.1271332265253,867.3789477700549,15028
2024-05-24,851.8748779296875,864.8862969845302,850.9775135032421,858.4055074850913,10603
2024-05-27,835.2241821289062,859.302770069293,830.8870020809898,852.5228797026862,16880
2024-05-28,831.9339599609375,842.9512895788026,826.5997353421785,837.7666459778169,14929
2024-05-29,831.1362915039062,842.502623428158,819.0720770961323,831.9838158628193,9718
2024-05-30,823.4092407226562,839.4616949476213,813.538535909444,839.4616949476213,16308
2024-05-31,844.596435546875,874.906614983364,819.4709609286058,820.5676856197248,37337
2024-06-03,833.4794311523438,883.6307614956113,817.7759789734372,883.6307614956113,40858
2024-06-04,786.767822265625,842.4029562880544,744.4931702774609,842.4029562880544,57659
2024-06-05,847.38818359375,854.4173354688315,770.6655936437288,792.4011525654802,52493
2024-06-06,860.3995971679688,868.1765324018202,836.1215261285677,847.4878582159599,37840
2024-06-07,858.15625,875.355268360115,855.7134786996385,875.355268360115,20111
2024-06-10,899.384033203125,915.2869061065403,863.889271208004,864.1385323480113,68003
2024-06-11,908.357421875,927.2514282012372,892.2551889626468,899.3840209569236,48655
2024-06-12,919.7237548828125,941.1103725946298,909.4043073047789,914.6886920896005,52687
2024-06-13,892.5543212890625,936.1251816598173,887.3696772957062,919.7237861276108,35364
2024-06-14,889.41357421875,912.1461776743699,881.3873778022513,896.3430459776289,26856
2024-06-18,888.1672973632812,915.2370819811828,884.4782202560037,902.2755024751825,27213
2024-06-19,866.83056640625,901.2784438468935,861.4963414875397,901.2784438468935,21859
2024-06-20,871.5665283203125,879.9915061864217,869.073916915009,873.012194251572,14976
2024-06-21,946.79345703125,954.1716108615328,875.056152108495,875.2056722744524,188948
2024-06-24,959.6553344726562,975.1095242745536,942.2070556640625,942.2070556640625,71466
2024-06-25,934.3303833007812,968.1800564892027,927.3510717507879,959.6553381240929,38348
2024-06-26,921.7178344726562,961.2506138549351,915.0874639591802,939.4153750057897,23235
2024-06-27,920.9700317382812,931.0899970643384,900.3311980830323,928.2484445352193,25292
2024-06-28,915.8352661132812,939.1661331005012,904.5686747845763,921.2691711225665,32441
2024-07-01,898.386962890625,926.703051925667,887.7185742331734,912.2957462752838,29265
2024-07-02,904.2695922851562,917.231171800548,894.7478287351881,911.8471067368613,17330
2024-07-03,900.4807739257812,913.242931488176,897.340059376058,904.6683121857221,12766
2024-07-04,911.9966430664062,914.7385155218151,894.5483638047134,905.8149548141671,18835
2024-07-05,905.1668701171875,922.2163684301822,898.3371392935452,915.0874755578094,11297
2024-07-08,886.4224243164062,913.2429464272917,881.8858838907485,905.7152724214504,19924
2024-07-09,896.791748046875,905.3164669246052,887.3696647168487,892.7537297210839,20263
2024-07-10,897.6392211914062,915.2869223888115,894.747828428749,902.9734461953151,22835
2024-07-11,905.8648071289062,910.2518274588382,894.3987948874793,898.0878718665444,17242
2024-07-12,897.2404174804688,924.7089827414154,893.2522392689406,907.2607030659794,12295
2024-07-15,899.7329711914062,904.5187725675248,893.5014431353231,897.3400400759639,19735
2024-07-16,901.3282470703125,913.8411436391071,897.2902289308295,899.733000178467,16770
2024-07-18,897.4896850585938,911.3984079872839,889.7126888064942,899.3341931527527,15791
2024-07-19,867.3291015625,902.9734451774398,863.4406033716888,897.4397990932613,42060
2024-07-22,854.816162109375,885.6747046012805,842.1038434795811,867.3291205033042,26126
2024-07-23,855.0155029296875,870.2702716823418,840.0598353575231,860.8482497956919,11958
2024-07-24,862.5931396484375,879.3933164195324,852.5229529135369,855.3645664692519,27275
2024-07-25,862.3936767578125,871.117816378756,857.4582941727251,862.9918791327698,16934
2024-07-26,895.4955444335938,926.7528652510416,862.4933348816701,862.7425960073427,82270
2024-07-29,900.8297119140625,913.0435071226372,896.8913739411604,900.2315095518759,17630
2024-07-30,892.0557861328125,902.3253330004268,881.3873970965494,902.3253330004268,19923
2024-07-31,887.4692993164062,914.7385033408441,878.3962185630536,892.255161676841,31746
2024-08-01,896.7418823242188,911.2987082453105,883.3814611655855,887.4693194317804,15983
2024-08-02,867.5284423828125,885.3755642472726,823.9576440422977,857.4583167259622,75602
2024-08-05,849.5816650390625,866.6810039835808,825.353493837223,863.9889714378716,27833
2024-08-06,870.3699951171875,882.8330511763294,856.9597346265977,857.4084168156799,17784
2024-08-07,909.6036987304688,914.0903990473123,858.0564851415568,861.6957219626814,53875
2024-08-08,905.565673828125,930.2425253857866,888.3666560758155,914.7883355213925,59860
2024-08-09,878.1968383789062,911.6975721879486,870.4199029632472,907.2607117143754,55808
2024-08-12,818.0252075195312,888.8153700763586,809.1016466882448,877.3991978874375,200862
2024-08-13,786.2194213867188,836.5203281401139,780.6858366313578,817.576482806786,517509
2024-08-14,831.3855590820312,868.4257878062609,809.3508992557202,822.5617393113264,904206
2024-08-16,891.7566528320312,947.1424643558744,832.4823432955387,832.532183351133,507834
2024-08-19,854.4173583984375,939.2159871011019,839.3121087862725,878.3962681911579,1000469
2024-08-20,872.1647338867188,911.2987330922674,851.226798006043,867.3789321420899,841667
2024-08-21,886.4224243164062,910.8500152212376,864.4376046730117,875.4050944670176,564741
2024-08-22,890.7595825195312,905.3164079083087,882.2348033427485,887.3696068704788,227584
2024-08-23,890.5601806640625,912.9936824454048,882.8829256612717,893.0527919731005,335532
2024-08-26,882.5339965820312,926.2543752031575,875.6543649323713,892.9530633135797,135199
2024-08-27,878.894775390625,888.1672775828392,874.0092327283379,883.5808969709221,66605
2024-08-28,874.1588134765625,904.618512456688,867.428762731234,877.3992082798688,194128
2024-08-29,855.2149047851562,886.3227048072279,846.3910854577549,877.3991445187263,99927
2024-08-30,854.3674926757812,869.323160810929,847.4380209355422,857.3586263028108,53673
2024-09-02,836.1215209960938,862.6429420856196,831.2858793531583,861.446476475117,85081
2024-09-03,835.2740478515625,847.5875233496633,830.0894041690265,843.9981874143213,47987
2024-09-04,818.972412109375,838.4646207575762,809.1016467899923,827.5469708388091,139308
2024-09-05,810.6968994140625,831.0366325797582,807.6060856503949,820.5676648028086,87599
2024-09-06,822.1629028320312,832.9310325411662,812.740880618692,818.1747246745056,84445
2024-09-09,811.2453002929688,824.8549215159057,799.181025054602,824.8549215159057,133103
2024-09-10,818.1248779296875,874.4080538885654,807.6559103517742,867.3290620587411,1030730
2024-09-11,812.2423706054688,819.5706237385956,805.0137975858765,814.9842431301416,148364
2024-09-12,812.6909790039062,819.4709305496423,808.6529607938633,817.4768414726068,63377
2024-09-13,815.4395751953125,821.5365432897322,811.5915362785319,819.5875120054139,60867
2024-09-16,810.1422729492188,819.2876948084352,802.5960828764889,815.4896184477686,66888
2024-09-17,818.5880126953125,820.5870066213083,806.4941238448188,810.1922138043485,136824
2024-09-18,823.5355834960938,844.2751467030546,807.7935053992438,818.3881494308965,266996
2024-09-19,853.020751953125,863.0656848978307,820.8369354051459,821.3366839198522,350004
2024-09-20,862.9157104492188,881.5563538988623,855.9192314500214,864.5649049008117,197245
2024-09-23,881.5064086914062,885.5543594201442,860.5669339286052,860.5669339286052,179831
2024-09-24,879.1075439453125,890.20199686681,862.5658813645312,889.5522994373496,119024
2024-09-25,888.4028930664062,894.8496609827386,853.120660809147,882.0561114537622,112959
2024-09-26,1041.5758056640625,1066.063482313725,888.4028894779088,888.4028894779088,3437314
2024-09-27,1043.974609375,1167.3624643793285,1004.9442639922685,1079.4567526328387,4820518
2024-09-30,1055.9686279296875,1073.2599756099069,1002.8453355918296,1044.4744119134155,788199
2024-10-01,1072.9600830078125,1103.8445662497836,1034.9291714576716,1060.4663698847594,544632
2024-10-03,1044.324462890625,1079.8566316379588,1030.831252785397,1051.720765424163,297773
2024-10-04,1053.5697021484375,1099.4466361874966,1029.4818502482922,1035.4788319002241,460207
2024-10-07,1050.221435546875,1075.2088596617186,1034.4793583545236,1058.8671086923923,431545
2024-10-08,1115.6884765625,1124.4340749230123,1032.5303786695338,1050.2214259780935,332948
2024-10-09,1128.7818603515625,1163.3145289082818,1116.4380973741397,1118.4370912817033,336108
2024-10-10,1140.2261962890625,1149.4215196426405,1112.3402063237768,1129.5815291184165,124986
2024-10-11,1125.83349609375,1147.422607867878,1119.4366906028079,1138.4271344612482,143134
2024-10-14,1105.9434814453125,1137.0278151754308,1099.4467506460405,1125.8334970633289,120634
2024-10-15,1105.9434814453125,1112.9399607676055,1075.9085464081882,1108.4422240604172,119638
2024-10-16,1169.8612060546875,1183.4044391064717,1085.4537338425914,1108.6920389179509,297278
2024-10-17,1161.515380859375,1188.4018732084282,1121.8354007593418,1188.4018732084282,227225
2024-10-18,1131.230712890625,1154.269044710203,1127.432575623084,1151.4205027640005,111456
2024-10-21,1088.85205078125,1147.4225502878917,1081.6555992117287,1147.4225502878917,115652
2024-10-22,1046.473388671875,1099.4967548288726,1032.4804302751165,1095.4487430605302,103499
2024-10-23,1035.22900390625,1079.5067692177035,1029.5319198859995,1052.3704016288063,84912
2024-10-24,1033.1800537109375,1058.2675273199231,1024.5345018194255,1039.4269102851038,50598
2024-10-25,1032.8302001953125,1047.1230560939932,1004.4944846567766,1039.227005394909,131933
2024-10-28,1033.429931640625,1048.4724111281566,1019.4869965211819,1036.4784464632016,42827
2024-10-29,1012.29052734375,1038.427336721619,1007.94273989026,1038.427336721619,47667
2024-10-30,1035.6287841796875,1044.1744098558786,1009.4919146607014,1014.4394367403745,72368
2024-10-31,1064.6641845703125,1068.4623220772398,1028.9821895028235,1035.4789201796264,51654
2024-11-01,1086.203369140625,1090.4512314077956,1044.5243928757156,1063.9645608007318,28395
2024-11-04,1076.7581787109375,1093.8495531965737,1021.2860335981928,1086.203376660946,207699
2024-11-05,1086.5032958984375,1109.3916802916483,1069.5617480247126,1074.4593078763505,111633
2024-11-06,1133.9793701171875,1144.4740886168508,1081.4557539653078,1086.5032626187103,203264
2024-11-07,1107.7425537109375,1152.7199178910619,1081.6555848793382,1137.677439511701,132995
2024-11-08,1093.99951171875,1113.739577857871,1077.457787239111,1103.2448591509965,53284
2024-11-11,1054.819091796875,1088.302239939818,1049.5717327595482,1082.455207128578,94857
2024-11-12,1058.417236328125,1107.0928105353212,1039.4768181094046,1039.4768181094046,156815
2024-11-13,1034.3795166015625,1054.069559590764,1014.589426300696,1043.574840614923,82930
2024-11-14,1041.67578125,1052.4703982406506,1019.4869954467842,1024.484480718582,121657
2024-11-18,1045.3739013671875,1055.019071492954,1039.4768448647312,1041.4758387971633,86184
2024-11-19,1040.7762451171875,1064.7641724306677,1039.476850250811,1047.9725745076685,57452
2024-11-21,1031.3309326171875,1043.524868957321,1014.4894329352655,1040.7762522671023,33402
2024-11-22,1029.2821044921875,1048.5224225850268,1025.4839669222422,1025.4839669222422,34108
2024-11-25,1027.982666015625,1054.4693365546761,1024.4844265104673,1054.369411256311,22878
2024-11-26,1033.0301513671875,1038.4773610987427,1024.484403393851,1024.484403393851,32954
2024-11-27,1026.6832275390625,1043.075002069367,1010.491425605913,1035.9785980618485,33450
2024-11-28,1036.9281005859375,1045.1739507304876,1025.0341840451688,1026.6832564669512,42968
2024-11-29,1032.3304443359375,1048.4723451671277,1020.4864293762034,1048.4723451671277,23018
2024-12-02,1039.9266357421875,1049.5718064805233,1017.4879762291094,1017.4879762291094,15921
2024-12-03,1038.177490234375,1054.4693402185678,1029.481915094905,1049.1719572887866,31395
2024-12-04,1024.1845703125,1057.4678706204727,1016.8382914543017,1039.4769238613342,39963
2024-12-05,1018.6373901367188,1033.3799708604497,1012.4904591958895,1028.482411167394,21521
2024-12-06,1022.33544921875,1034.4793617805642,1010.4914345508699,1010.4914345508699,33509
2024-12-09,1015.2390747070312,1038.0775566867953,1009.7918038724672,1022.3354789839791,45169
2024-12-10,1017.7877807617188,1039.1769799141273,1007.7428481337046,1025.733794095923,38704
2024-12-11,999.5469360351562,1027.182990746645,988.4025813845593,1027.182990746645,76085
2024-12-12,1004.0946655273438,1018.1376472330627,998.4975067083386,1000.4965007157626,30932
2024-12-13,999.7468872070312,1004.0946748115977,985.6039800719525,1004.0946748115977,36454
2024-12-16,998.947265625,1014.4894314127478,994.4994918775212,999.4969767613279,38549
2024-12-17,985.7039794921875,1007.393077162782,974.5096005972558,993.649993051795,39855
2024-12-18,963.5650634765625,989.5020226343852,956.0688360323627,984.5045376715852,78978
2024-12-19,977.208251953125,1041.276047754038,936.5287109009337,936.5287109009337,547545
2024-12-20,1081.0059814453125,1149.4214992723523,1059.56669853615,1069.861565985369,1146310
2024-12-23,1078.2073974609375,1124.4341340844076,1052.4703495030055,1085.8535739744939,208617
2024-12-24,1087.8525390625,1114.7390322665358,1066.6631298494303,1085.4537219051267,154823
2024-12-26,1131.230712890625,1147.9222633892834,1089.0019661529695,1097.447666696938,178590
2024-12-27,1121.5855712890625,1154.4690466489085,1105.943418999934,1131.4305922349076,121204
2024-12-30,1098.1473388671875,1127.4326506713478,1079.506816851074,1127.4326506713478,106676
2024-12-31,1138.626953125,1153.219707182409,1060.566260487965,1076.608236416665,95458
2025-01-01,1133.62939453125,1152.8198092213652,1106.4431262313851,1147.4225012769919,163160
2025-01-02,1137.127685546875,1150.0712448732008,1104.4942061771717,1138.4270804475261,154847
2025-01-03,1150.021240234375,1169.3614830590043,1135.4286082275987,1148.5219947129476,94643
2025-01-06,1140.126220703125,1165.5134698313655,1123.0348457811906,1163.4145504565518,92745
2025-01-07,1145.573486328125,1176.3579200610789,1134.4290706158877,1145.3735137270767,130333
2025-01-08,1176.2081298828125,1181.4054655299717,1146.073270636928,1150.3211329283852,198174
2025-01-09,1160.066162109375,1194.3988580197085,1134.6288914675451,1194.3988580197085,143938
2025-01-10,1122.7349853515625,1160.3160466919737,1114.4391117698033,1149.3714817611776,80743
2025-01-13,1062.7652587890625,1127.63251952676,1050.4713963084323,1102.9950149274207,108151
2025-01-14,1091.350830078125,1123.1347623865665,1024.4344307989315,1063.4648385746204,73465
2025-01-15,1069.76171875,1114.5891360908104,1061.7157188644303,1107.7426058451738,66290
2025-01-16,1078.007568359375,1089.401736871511,1049.4718794062396,1069.761717878326,60080
2025-01-17,1074.859130859375,1086.6032209661973,1060.7662471329713,1086.6032209661973,33236
2025-01-20,1080.8060302734375,1107.09284953796,1060.7661891159598,1060.7661891159598,269537
2025-01-21,1048.9720458984375,1096.9979230063539,1044.4743096368436,1096.9979230063539,42669
2025-01-22,1097.097900390625,1128.881831609681,1024.4844193400118,1040.4763712516608,47930
2025-01-23,1070.9610595703125,1091.6505991317545,1060.4663408344393,1091.001023674284,97787
2025-01-24,1056.1185302734375,1069.4617908320363,1037.4778868071528,1069.0120659852507,26699
2025-01-27,1013.5899047851562,1049.471872247595,1004.4945062941265,1045.473884162842,75748
2025-01-28,997.298095703125,1017.4879473304154,942.5256722323985,951.7710194944873,187352
2025-01-29,998.6973876953125,1012.4404710750646,975.5090457191309,975.5090457191309,63750
2025-01-30,964.164794921875,1015.4889409095678,949.5221396300092,1015.4889409095678,164804
2025-01-31,980.7564086914062,992.4505355233182,941.1263291511642,955.5191100218949,72331
2025-02-01,1061.2159423828125,1100.8959245776916,960.2667451323637,968.5125954028211,156765
2025-02-03,1056.318359375,1074.4592539717466,1021.0860908145311,1034.7292489993029,100109
2025-02-04,1069.9114990234375,1089.4016902351957,1033.0301578760073,1056.3183644262497,45837
2025-02-05,1106.992919921875,1119.4366084172357,1071.2108795278325,1089.4516992632025,584481
2025-02-06,1118.68701171875,1132.6799696495632,1104.0943799926843,1120.4361314601017,78258
2025-02-07,1109.991455078125,1122.435144069453,1105.793494423898,1111.4406769414352,31476
2025-02-10,1106.64306640625,1139.2766689435105,1062.965094856972,1121.085871742002,130721
2025-02-11,1096.2484130859375,1117.3377764361217,1079.0070889759168,1102.0454227697537,90299
2025-02-12,1103.4947509765625,1165.3635198741251,1080.2564448984663,1094.449254000662,918473
2025-02-13,1057.367919921875,1111.7405821120053,1049.5218927310377,1103.494731712118,46438
2025-02-14,1014.4395141601562,1119.4866877212212,1004.5444692456422,1072.4603040566444,88394
2025-02-17,1001.6459350585938,1031.8807190703371,984.9543230892361,1019.4369693175054,67046
2025-02-18,1042.6751708984375,1059.366843192185,987.5529506313187,1001.4959453042596,33559
2025-02-19,1037.1280517578125,1079.256873300303,1021.1860629402122,1027.0331567972887,53632
2025-02-20,1036.67822265625,1068.4622755404366,1009.4919535040607,1042.2755033719147,115844
2025-02-21,1065.1639404296875,1069.311877522958,1026.9331788756178,1047.023166868026,102165
2025-02-24,1081.755615234375,1087.402675485823,1035.4788568994932,1049.1719165317634,41387
2025-02-25,1100.9459228515625,1105.443659259036,1064.9640315917748,1065.5138037340294,45165
2025-02-27,1105.8934326171875,1114.589129925171,1087.3028123857505,1094.5991894593433,74390
2025-02-28,1078.906982421875,1107.7425683340234,1069.4617846229282,1089.301775571394,101024
2025-03-03,1045.7738037109375,1099.446746055728,1031.6807978134539,1099.446746055728,54792
2025-03-04,1069.8116455078125,1078.4573194118316,994.4995670201785,1022.4854844840628,57045
2025-03-05,1077.7076416015625,1082.4052287038894,1062.0654891301633,1069.8115908898778,33947
2025-03-06,1080.8560791015625,1099.4466988808565,1072.7601778115857,1082.0554266967772,138100
2025-03-07,1091.8505859375,1095.4487508633704,1066.5133604903904,1073.459816083266,208055
2025-03-10,1089.7515869140625,1095.44867079621,1061.715648315031,1091.8505061333324,56147
2025-03-11,1078.607177734375,1089.65154602866,1058.9670379056506,1079.456725755642,63334
2025-03-12,1089.801513671875,1094.4491990559493,1061.4157748836192,1078.5072709417573,31336
2025-03-13,1081.905517578125,1095.4487512165306,1070.6611759255832,1079.4567986440265,51520
2025-03-17,1089.001953125,1093.84948894162,1069.5117625561707,1081.9054271569173,45192
2025-03-18,1089.001953125,1089.001953125,1089.001953125,1089.001953125,0
2025-03-19,1028.482421875,1063.614766129947,1019.4869487973762,1038.727266213405,31301
2025-03-20,1057.4178466796875,1062.4153318892118,1026.4834620362983,1028.482456120108,37422
2025-03-21,1045.623779296875,1064.4642727747212,1008.5424051167922,1049.4718182285983,123030
2025-03-24,1030.5313720703125,1054.369349763398,1024.884189939559,1045.4738025673066,30187
2025-03-25,1016.6383666992188,1045.9735783456404,1006.093624869811,1045.9735783456404,34914
2025-03-26,1029.3319091796875,1047.3728779241587,999.4969496348676,1013.4899069297559,95514
2025-03-27,1073.1099853515625,1080.0065390976874,1017.6878641443235,1025.4339049396726,67829
2025-03-28,1079.3067626953125,1098.2473032021237,1057.5677039192217,1087.4526872821575,101422
2025-04-01,1067.9124755859375,1084.454199038427,1059.416751446005,1079.3067653048045,19813
2025-04-02,1067.9625244140625,1092.000475615528,1049.7217045071307,1083.2548770300127,39755
2025-04-03,1073.859619140625,1094.2493826830187,1069.061984656916,1069.061984656916,27722
2025-04-04,1064.9140625,1083.1049816631366,1037.4779178122872,1059.566777787818,23580
2025-04-07,1021.3359985351562,1069.461804122449,989.502043066565,999.4970131985505,101719
2025-04-08,1062.7652587890625,1087.1029874796773,1031.4809524170334,1031.4809524170334,61357
2025-04-09,1075.2088623046875,1086.4532031840067,1040.5263663515943,1063.2649223519957,60235
2025-04-11,1162.9647216796875,1177.4074037626883,1069.7616313563678,1083.7545886167054,198336
2025-04-15,1252.669677734375,1268.3617323172398,1182.4049876527145,1224.3838629539944,443168
2025-04-16,1267.9619140625,1295.0482593062964,1249.3712936152876,1254.2688534880426,289995
2025-04-17,1256.4676513671875,1279.156306419607,1224.6837200466782,1279.156306419607,136222
2025-04-21,1249.47119140625,1285.3531585706182,1242.5746376155582,1285.3531585706182,158719
2025-04-22,1237.3773193359375,1280.3556914938092,1227.382349066665,1256.3677628475552,104366
2025-04-23,1214.688720703125,1244.8734804993862,1203.6942539945796,1244.8734804993862,82975
2025-04-24,1238.4766845703125,1263.3641837952766,1214.2889064372894,1219.386316637846,144604
2025-04-25,1221.9849853515625,1248.0718321705908,1190.5008304298954,1248.0718321705908,165900
2025-04-28,1222.884521484375,1247.37219682264,1204.3938278616035,1229.6811495654965,107423
2025-04-29,1219.286376953125,1244.9734002542998,1212.1899728746093,1235.1784031628958,56477
2025-04-30,1209.9910888671875,1243.9739881329606,1204.3939298604903,1210.390912083862,123607
2025-05-02,1209.391357421875,1226.5826568395146,1200.4958098126099,1221.5851718914903,152384
2025-05-05,1208.2919921875,1244.4737361160396,1200.595791798802,1218.4868131592784,40231
2025-05-06,1194.99853515625,1217.3872913530295,1179.2065564704785,1180.405904013077,141608
2025-05-07,1144.3240966796875,1189.3014599887151,1130.8308876869792,1151.4205007111084,119075
2025-05-08,1102.9449462890625,1150.5209793801296,1077.4577726321788,1143.9243235413069,116611
2025-05-09,1063.6646728515625,1086.4532535605372,1042.1754870635666,1055.4688461452872,121479
2025-05-12,1125.333740234375,1148.2222468215798,1099.446742531176,1099.446742531176,76267
2025-05-13,1177.6072998046875,1187.9021675614554,1119.9363725305936,1136.627923389021,108802
2025-05-14,1174.6087646484375,1184.5038088367867,1155.4184720477463,1180.505821044234,52240
2025-05-15,1171.6103515625,1189.401447223697,1163.6143754467105,1183.6043157361844,36216
2025-05-16,1169.211669921875,1188.4019640192082,1153.9193166191553,1154.1191672208074,46260
2025-05-19,1223.884033203125,1234.878499814178,1169.1115507372256,1175.4084304180278,154646
2025-05-20,1157.8173828125,1222.3848664850716,1149.3216580658743,1222.3848664850716,75874
2025-05-21,1164.3140869140625,1184.403952336726,1154.019218946727,1164.2141616152257,30588
2025-05-22,1168.4119873046875,1177.1075623587374,1151.5204636852413,1156.0182001633175,23290
2025-05-23,1147.022705078125,1181.4054254489802,1135.7284624564195,1174.309021322261,100575
2025-05-26,1147.1226806640625,1175.3085698239172,1141.4255964555468,1141.4255964555468,46088
2025-05-27,1154.0191650390625,1161.9152154209085,1130.0312380110179,1149.5214287213041,26380
2025-05-28,1140.426025390625,1160.3160391922952,1135.7284385067762,1157.7173715116787,19336
2025-05-29,1114.1392822265625,1148.3221536029257,1110.4411920467141,1140.4261027230432,34582
2025-05-30,1119.636474609375,1133.8294050120637,1100.4461812869538,1110.6410017378196,34969
2025-06-02,1139.62646484375,1179.4064954427581,1111.0408741864967,1139.4266142413087,123398
2025-06-03,1138.626953125,1146.7229765709837,1125.1337433935782,1130.0313031793585,46670
2025-06-04,1115.1387939453125,1136.2282790060626,1111.4407037167277,1135.4286325739233,34476
2025-06-05,1114.9388427734375,1139.4265179396853,1106.0432955561625,1115.138693358988,51140
2025-06-06,1118.636962890625,1129.4315789978848,1100.4461667935143,1109.4416395465948,54639
2025-06-09,1118.2373046875,1136.3281761844476,1109.6415327859456,1118.5370805854463,36623
2025-06-10,1117.3377685546875,1133.429646542082,1110.4412145575425,1113.4397056859607,30940
2025-06-11,1106.843017578125,1121.7355474867954,1101.445709301363,1118.836981744746,61191
2025-06-12,1089.8515625,1117.4376555335723,1085.4537512606973,1117.4376555335723,49170
2025-06-13,1089.7515869140625,1094.6490244227232,1069.0619265869288,1089.4516890217783,26341
2025-06-16,1105.143798828125,1109.4416847889809,1072.4602952960147,1072.6601458951143,27969
2025-06-17,1080.6561279296875,1104.4442057808403,1079.4567803106854,1104.4442057808403,30270
2025-06-18,1082.055419921875,1093.0498868418456,1071.2609256057954,1074.45926717895,70037
2025-06-19,1060.46630859375,1086.4532303877534,1051.670686259908,1086.1533324865661,19584
2025-06-20,1013.3900146484375,1067.6626275762349,1010.4914489982926,1041.4758554463115,133905
2025-06-23,991.5010375976562,1041.2760376838457,974.6095136642201,1013.390046599629,213016
2025-06-24,1001.1961669921875,1030.8812403863517,990.7014483885051,997.4980158547606,142812
2025-06-25,1048.8721923828125,1068.5622347830079,999.4970154193156,1001.4960094501544,143177
2025-06-26,1034.279541015625,1067.4627925033637,1023.3849993495295,1049.471846562296,56486
2025-06-27,1030.8812255859375,1052.7702341897102,1027.5828366971418,1029.481905390421,69211
2025-06-30,1053.4698486328125,1068.4623037841334,1021.4859443099946,1037.2780458729508,85750
2025-07-01,1020.9862060546875,1059.4668413293869,1015.4889724440161,1054.4693562287766,51713
2025-07-02,1030.6812744140625,1052.9701066813138,1015.6888801738871,1018.4874596186605,101217
2025-07-03,1028.2825927734375,1040.9761562447718,1023.1851213202126,1040.9761562447718,47829
2025-07-04,1026.8831787109375,1033.7797319863148,1020.4863739046614,1021.5857961349033,40623
2025-07-07,1026.2835693359375,1046.4733599507153,1017.4879469243823,1033.0800757367654,57792
2025-07-08,1046.5732421875,1056.3683611969407,1023.8847100039776,1026.4833776976334,60033
2025-07-09,1080.8560791015625,1088.452231892048,1036.9781364444443,1038.077558741543,92197
2025-07-10,1094.7491455078125,1101.3458015024944,1071.1609179981697,1073.259959367813,36087
2025-07-11,1070.161376953125,1098.9469390300546,1054.569248331834,1092.4502086037742,22107
2025-07-14,1068.0625,1085.453772693558,1049.4718796760922,1070.1614193575692,24897
2025-07-15,1092.7501220703125,1101.0458739890066,1069.4617930992595,1078.7571640297615,34286
2025-07-16,1070.0614013671875,1103.6444742060542,1066.4632367788988,1103.6444742060542,17340
2025-07-17,1047.8726806640625,1075.0589502984358,1042.0755492524083,1070.4612884938022,45625
2025-07-18,1062.0654296875,1072.7601202076885,1044.3743825590268,1047.8726218676213,43447
2025-07-21,1044.8741455078125,1080.1563149608226,1037.477843608246,1051.2709504482189,39238
2025-07-22,1036.178466796875,1057.9675496894608,1031.9806282988836,1037.6777122617161,18383
2025-07-23,1032.08056640625,1046.4733474491666,1026.1835097695587,1043.4748564822637,15503
2025-07-24,1009.69189453125,1047.472869414191,998.8973389939034,1044.9741268821917,55711
2025-07-25,994.6994018554688,1012.9901842995527,985.6039427790657,1011.3910135411179,30939
2025-07-28,1035.578857421875,1077.7577056614475,951.52118086683,971.5111216413433,117565
2025-07-29,1004.2945556640625,1032.2805321743078,973.3101492112226,1019.4869219966685,92449
2025-07-30,993.5,1019.486921529175,990.7014206515951,1004.4944668008048,34514
2025-07-31,972.0999755859375,1007.5,961.9000244140625,977.0,91581
2025-08-01,965.1500244140625,989.6500244140625,957.5999755859375,974.0,77403
2025-08-04,940.0499877929688,986.9500122070312,934.0999755859375,978.9500122070312,34784
2025-08-05,923.9500122070312,964.5999755859375,906.0,947.2000122070312,170838
2025-08-06,927.9500122070312,945.5499877929688,922.9500122070312,924.9000244140625,35313
2025-08-07,913.3499755859375,933.0,907.0,923.0999755859375,26452
2025-08-08,907.5999755859375,923.0,905.5,923.0,11955
2025-08-11,913.5,920.0,900.25,901.0,11825
2025-08-12,893.6500244140625,918.7999877929688,889.2000122070312,913.5,21879
2025-08-13,928.5999755859375,938.6500244140625,890.4000244140625,890.4000244140625,60236
2025-08-14,915.1500244140625,943.5999755859375,910.0,930.0,65800
2025-08-18,919.9500122070312,944.3499755859375,900.9000244140625,935.0,59005
2025-08-19,920.6500244140625,936.9500122070312,913.5499877929688,926.9000244140625,76068
2025-08-20,922.2000122070312,940.0,917.9500122070312,920.0,44785
2025-08-21,912.9000244140625,928.2999877929688,909.7000122070312,928.2999877929688,28512
2025-08-22,914.0,923.9000244140625,905.6500244140625,907.2999877929688,18639
2025-08-25,922.0,926.0,909.9500122070312,910.0,35471
2025-08-26,909.5999755859375,926.5499877929688,900.0,924.9500122070312,46219
2025-08-28,900.6500244140625,921.0499877929688,898.9500122070312,909.5999755859375,45862
2025-08-29,910.9000244140625,917.4000244140625,894.4000244140625,905.8499755859375,32655
2025-09-01,926.75,936.0499877929688,912.7000122070312,912.7000122070312,62599
2025-09-02,956.7999877929688,963.5999755859375,921.9000244140625,928.5999755859375,102526
2025-09-03,986.25,992.0,930.0499877929688,944.8499755859375,685531
2025-09-04,1014.0499877929688,1050.199951171875,990.0,1041.0,465531
2025-09-05,1001.7999877929688,1021.2000122070312,980.5,1020.0,70884
2025-09-08,1029.0999755859375,1035.0999755859375,990.0,1006.7999877929688,459211
2025-09-09,1037.75,1070.050048828125,1029.0999755859375,1029.0999755859375,118054
2025-09-10,1003.4500122070312,1056.0,976.0999755859375,1041.9000244140625,268495
2025-09-11,1057.550048828125,1062.8499755859375,994.7000122070312,1004.0,175437
2025-09-12,1051.550048828125,1068.800048828125,1024.0,1057.550048828125,135104
2025-09-15,1063.199951171875,1067.199951171875,1045.800048828125,1052.449951171875,34688
2025-09-16,1051.550048828125,1068.5999755859375,1044.1500244140625,1059.6500244140625,27095
2025-09-17,1033.050048828125,1060.949951171875,1003.0499877929688,1056.0,163738
2025-09-18,1021.4000244140625,1038.199951171875,1015.0,1038.1500244140625,80395
2025-09-19,1035.8499755859375,1065.949951171875,1020.3499755859375,1028.0,153996
2025-09-22,1016.9500122070312,1046.5,1009.9500122070312,1028.0,58180
2025-09-23,1004.5,1018.9500122070312,998.0,1016.0,39756
2025-09-24,1034.550048828125,1038.0,995.9500122070312,1006.0,124334
2025-09-25,1012.75,1035.0,1010.0,1035.0,60150
2025-09-26,990.5499877929688,1009.4500122070312,990.0,1002.5999755859375,41784
2025-09-29,1003.25,1025.0,974.5499877929688,990.5499877929688,92086
2025-09-30,1034.3499755859375,1058.449951171875,986.0,1003.25,222969
2025-10-01,1023.7999877929688,1033.800048828125,1006.2000122070312,1025.800048828125,32829
2025-10-03,1017.7999877929688,1028.300048828125,1013.5,1016.9000244140625,22622
2025-10-06,1016.2000122070312,1022.7999877929688,1007.5999755859375,1022.7999877929688,28961
2025-10-07,1011.5999755859375,1026.699951171875,1008.2000122070312,1022.9000244140625,55130
2025-10-08,1015.4000244140625,1026.0999755859375,1007.0,1015.0,28141
2025-10-09,1015.4000244140625,1021.7999877929688,1008.5,1019.5,13356
2025-10-10,1015.0,1018.7000122070312,1007.2999877929688,1013.4000244140625,28137
2025-10-13,1005.9000244140625,1022.5999755859375,981.4000244140625,1022.0,98907
2025-10-14,1014.2000122070312,1031.199951171875,1012.0,1015.0,35796
2025-10-15,1045.300048828125,1058.0,1007.0,1019.2999877929688,658621
2025-10-16,1058.4000244140625,1064.699951171875,1038.0999755859375,1040.0,76967
2025-10-17,1045.9000244140625,1068.300048828125,1035.5,1060.5,35965
2025-10-20,1045.800048828125,1052.699951171875,1037.5,1052.699951171875,25152
2025-10-21,1055.5,1069.9000244140625,1031.5999755859375,1052.9000244140625,84194
2025-10-23,1058.800048828125,1065.0,1045.5999755859375,1063.800048828125,42868
2025-10-24,1037.5,1060.5,1035.0,1060.5,42598
2025-10-27,1057.699951171875,1069.800048828125,1041.9000244140625,1042.4000244140625,55369
2025-10-28,1052.800048828125,1062.5,1048.5,1057.699951171875,35929
2025-10-29,1062.0999755859375,1070.0,1050.0,1053.0,33067
2025-10-30,1056.9000244140625,1065.0,1041.0999755859375,1062.0,66566
2025-10-31,1087.5,1100.0,1056.9000244140625,1058.800048828125,160621
2025-11-03,1105.300048828125,1110.9000244140625,1070.0999755859375,1093.0,94799
2025-11-04,1112.199951171875,1119.9000244140625,1080.0,1102.0,185658
2025-11-06,1091.5999755859375,1152.199951171875,1080.0,1148.199951171875,161732
2025-11-07,1083.4000244140625,1103.300048828125,1065.199951171875,1085.0999755859375,87340
2025-11-10,1075.300048828125,1094.0999755859375,1070.0,1083.4000244140625,22844
2025-11-11,1067.800048828125,1080.0,1054.300048828125,1076.300048828125,44201
2025-11-12,1078.0999755859375,1095.0999755859375,1059.9000244140625,1060.0,20818
2025-11-13,1065.5,1083.800048828125,1065.0,1082.4000244140625,25144
2025-11-14,1064.300048828125,1079.5,1058.9000244140625,1065.5,14860
2025-11-17,1061.0,1072.0,1056.0999755859375,1065.4000244140625,23184
2025-11-18,1047.5,1064.699951171875,1030.0,1059.9000244140625,75257
2025-11-19,1046.699951171875,1053.300048828125,1040.0,1048.199951171875,26973
2025-11-20,1040.699951171875,1054.5,1040.0,1047.699951171875,18428
2025-11-21,1030.800048828125,1042.5999755859375,1030.0,1041.0,13399
2025-11-24,1005.4000244140625,1030.0,997.4000244140625,1016.0,23529
2025-11-25,1003.4000244140625,1016.2000122070312,1000.0999755859375,1005.4000244140625,21022
2025-11-26,1040.9000244140625,1047.9000244140625,1004.4000244140625,1004.4000244140625,58466
2025-11-27,1083.300048828125,1094.300048828125,1033.4000244140625,1051.300048828125,69748
2025-11-28,1089.0999755859375,1109.0,1078.0999755859375,1088.0,58866
2025-12-01,1081.800048828125,1104.0,1076.5,1090.0,21146
